timestamp,queue_size
2025-08-28T13:33:08.651563,1
2025-08-28T13:33:08.651677,1
2025-08-28T13:33:08.651697,2
2025-08-28T13:33:08.651713,3
2025-08-28T13:33:08.651728,4
2025-08-28T13:33:08.651760,5
2025-08-28T13:33:08.651803,6
2025-08-28T13:33:08.651858,7
2025-08-28T13:33:08.651878,8
2025-08-28T13:33:08.651922,9
2025-08-28T13:33:08.675767,1
2025-08-28T13:33:08.675858,1
2025-08-28T13:33:08.675878,2
2025-08-28T13:33:08.675894,3
2025-08-28T13:33:08.675989,4
2025-08-28T13:33:08.676007,5
2025-08-28T13:33:08.676064,6
2025-08-28T13:33:08.676087,7
2025-08-28T13:33:08.676138,8
2025-08-28T13:33:08.676152,9
2025-08-28T13:33:08.694826,1
2025-08-28T13:33:08.694901,1
2025-08-28T13:33:08.694984,1
2025-08-28T13:33:08.695092,1
2025-08-28T13:33:08.695222,1
2025-08-28T13:33:08.695250,1
2025-08-28T13:33:08.695278,2
2025-08-28T13:33:08.695331,3
2025-08-28T13:33:08.695340,4
2025-08-28T13:33:08.695364,5
2025-08-28T13:33:08.712365,1
2025-08-28T13:33:08.712406,2
2025-08-28T13:33:08.712429,3
2025-08-28T13:33:08.712506,1
2025-08-28T13:33:08.712666,1
2025-08-28T13:33:08.712801,2
2025-08-28T13:33:08.712853,1
2025-08-28T13:33:08.712904,2
2025-08-28T13:33:08.713116,3
2025-08-28T13:33:08.713228,4
2025-08-28T13:33:08.728666,1
2025-08-28T13:33:08.728780,1
2025-08-28T13:33:08.728804,1
2025-08-28T13:33:08.728814,2
2025-08-28T13:33:08.728842,3
2025-08-28T13:33:08.728850,4
2025-08-28T13:33:08.728870,5
2025-08-28T13:33:08.728888,6
2025-08-28T13:33:08.728897,7
2025-08-28T13:33:08.728904,8
2025-08-28T13:33:08.747241,1
2025-08-28T13:33:08.747389,2
2025-08-28T13:33:08.747449,1
2025-08-28T13:33:08.747475,2
2025-08-28T13:33:08.747496,3
2025-08-28T13:33:08.747518,4
2025-08-28T13:33:08.747561,5
2025-08-28T13:33:08.747783,1
2025-08-28T13:33:08.747840,1
2025-08-28T13:33:08.747916,1
2025-08-28T13:33:08.769036,1
2025-08-28T13:33:08.769081,1
2025-08-28T13:33:08.769173,2
2025-08-28T13:33:08.769182,3
2025-08-28T13:33:08.769196,4
2025-08-28T13:33:08.769253,5
2025-08-28T13:33:08.769269,6
2025-08-28T13:33:08.769356,7
2025-08-28T13:33:08.769372,8
2025-08-28T13:33:08.769385,9
2025-08-28T13:33:08.809071,1
2025-08-28T13:33:08.809101,2
2025-08-28T13:33:08.809119,3
2025-08-28T13:33:08.809134,4
2025-08-28T13:33:08.809145,5
2025-08-28T13:33:08.809216,6
2025-08-28T13:33:08.809244,7
2025-08-28T13:33:08.809280,8
2025-08-28T13:33:08.809306,9
2025-08-28T13:33:08.809314,10
2025-08-28T13:33:08.824751,1
2025-08-28T13:33:08.824858,1
2025-08-28T13:33:08.824898,1
2025-08-28T13:33:08.825028,1
2025-08-28T13:33:08.825088,1
2025-08-28T13:33:08.825146,1
2025-08-28T13:33:08.825187,1
2025-08-28T13:33:08.825239,1
2025-08-28T13:33:08.825378,1
2025-08-28T13:33:08.825469,2
2025-08-28T13:33:08.855518,1
2025-08-28T13:33:08.855647,1
2025-08-28T13:33:08.855709,1
2025-08-28T13:33:08.855799,2
2025-08-28T13:33:08.855839,1
2025-08-28T13:33:08.856050,2
2025-08-28T13:33:08.856134,1
2025-08-28T13:33:08.856309,2
2025-08-28T13:33:08.856328,3
2025-08-28T13:33:08.856336,4
2025-08-28T13:33:08.864343,1
2025-08-28T13:33:08.864402,2
2025-08-28T13:33:08.864490,3
2025-08-28T13:33:08.864546,4
2025-08-28T13:33:08.864577,5
2025-08-28T13:33:08.864610,6
2025-08-28T13:33:08.864655,7
2025-08-28T13:33:08.864668,8
2025-08-28T13:33:08.864704,9
2025-08-28T13:33:08.864717,10
2025-08-28T13:33:08.881354,1
2025-08-28T13:33:08.881441,1
2025-08-28T13:33:08.881479,1
2025-08-28T13:33:08.881516,1
2025-08-28T13:33:08.881599,1
2025-08-28T13:33:08.881648,1
2025-08-28T13:33:08.881735,1
2025-08-28T13:33:08.881820,1
2025-08-28T13:33:08.881868,1
2025-08-28T13:33:08.882132,1
2025-08-28T13:33:08.916077,1
2025-08-28T13:33:08.916187,1
2025-08-28T13:33:08.916216,2
2025-08-28T13:33:08.916345,3
2025-08-28T13:33:08.917530,4
2025-08-28T13:33:08.917603,1
2025-08-28T13:33:08.917630,1
2025-08-28T13:33:08.917651,1
2025-08-28T13:33:08.917762,1
2025-08-28T13:33:08.917781,1
2025-08-28T13:33:08.955005,1
2025-08-28T13:33:08.955275,1
2025-08-28T13:33:08.955334,1
2025-08-28T13:33:08.955428,1
2025-08-28T13:33:08.955536,1
2025-08-28T13:33:08.955589,1
2025-08-28T13:33:08.955658,1
2025-08-28T13:33:08.955727,1
2025-08-28T13:33:08.955780,1
2025-08-28T13:33:08.955816,1
2025-08-28T13:33:08.992129,1
2025-08-28T13:33:08.992215,1
2025-08-28T13:33:08.992293,2
2025-08-28T13:33:08.992316,3
2025-08-28T13:33:08.992478,4
2025-08-28T13:33:08.992500,5
2025-08-28T13:33:08.992540,6
2025-08-28T13:33:08.992564,7
2025-08-28T13:33:08.992583,8
2025-08-28T13:33:08.992649,1
2025-08-28T13:33:09.044922,1
2025-08-28T13:33:09.045077,2
2025-08-28T13:33:09.045142,1
2025-08-28T13:33:09.045183,1
2025-08-28T13:33:09.045236,1
2025-08-28T13:33:09.045271,1
2025-08-28T13:33:09.045312,2
2025-08-28T13:33:09.045350,1
2025-08-28T13:33:09.045385,1
2025-08-28T13:33:09.045415,2
2025-08-28T13:33:09.091006,1
2025-08-28T13:33:09.091183,1
2025-08-28T13:33:09.091223,1
2025-08-28T13:33:09.091273,1
2025-08-28T13:33:09.091463,1
2025-08-28T13:33:09.091508,1
2025-08-28T13:33:09.091603,1
2025-08-28T13:33:09.091754,1
2025-08-28T13:33:09.091787,1
2025-08-28T13:33:09.091912,2
2025-08-28T13:33:09.107954,1
2025-08-28T13:33:09.108018,1
2025-08-28T13:33:09.108318,2
2025-08-28T13:33:09.108363,3
2025-08-28T13:33:09.108514,1
2025-08-28T13:33:09.108598,1
2025-08-28T13:33:09.108690,1
2025-08-28T13:33:09.108730,1
2025-08-28T13:33:09.108810,1
2025-08-28T13:33:09.108888,1
2025-08-28T13:33:09.147295,1
2025-08-28T13:33:09.147346,1
2025-08-28T13:33:09.147385,1
2025-08-28T13:33:09.147412,1
2025-08-28T13:33:09.147522,1
2025-08-28T13:33:09.147583,1
2025-08-28T13:33:09.147652,1
2025-08-28T13:33:09.147679,2
2025-08-28T13:33:09.147778,3
2025-08-28T13:33:09.147891,4
2025-08-28T13:33:09.172143,1
2025-08-28T13:33:09.172424,1
2025-08-28T13:33:09.172435,2
2025-08-28T13:33:09.172559,3
2025-08-28T13:33:09.172700,4
2025-08-28T13:33:09.172812,5
2025-08-28T13:33:09.172839,6
2025-08-28T13:33:09.172857,7
2025-08-28T13:33:09.172965,8
2025-08-28T13:33:09.173055,9
2025-08-28T13:33:09.201150,1
2025-08-28T13:33:09.201350,1
2025-08-28T13:33:09.201564,1
2025-08-28T13:33:09.201920,1
2025-08-28T13:33:09.202132,1
2025-08-28T13:33:09.202284,1
2025-08-28T13:33:09.202405,2
2025-08-28T13:33:09.202423,3
2025-08-28T13:33:09.202431,4
2025-08-28T13:33:09.202458,5
2025-08-28T13:33:09.233743,1
2025-08-28T13:33:09.233796,1
2025-08-28T13:33:09.233810,2
2025-08-28T13:33:09.233822,3
2025-08-28T13:33:09.233842,4
2025-08-28T13:33:09.233891,5
2025-08-28T13:33:09.233899,6
2025-08-28T13:33:09.233906,7
2025-08-28T13:33:09.233934,8
2025-08-28T13:33:09.233996,9
2025-08-28T13:33:09.271373,1
2025-08-28T13:33:09.271441,1
2025-08-28T13:33:09.271519,2
2025-08-28T13:33:09.271566,3
2025-08-28T13:33:09.271840,4
2025-08-28T13:33:09.271854,5
2025-08-28T13:33:09.271868,6
2025-08-28T13:33:09.271875,7
2025-08-28T13:33:09.271901,8
2025-08-28T13:33:09.271917,9
2025-08-28T13:33:09.444453,1
2025-08-28T13:33:09.444563,1
2025-08-28T13:33:09.444680,1
2025-08-28T13:33:09.460110,1
2025-08-28T13:33:09.460195,1
2025-08-28T13:33:09.460229,2
2025-08-28T13:33:09.460410,3
2025-08-28T13:33:09.460437,4
2025-08-28T13:33:09.460538,5
2025-08-28T13:33:09.460561,6
2025-08-28T13:33:09.460581,7
2025-08-28T13:33:09.460597,8
2025-08-28T13:33:09.460612,9
2025-08-28T13:33:09.476929,1
2025-08-28T13:33:09.477079,1
2025-08-28T13:33:09.477176,2
2025-08-28T13:33:09.477191,3
2025-08-28T13:33:09.477205,4
2025-08-28T13:33:09.477214,5
2025-08-28T13:33:09.477340,6
2025-08-28T13:33:09.477415,1
2025-08-28T13:33:09.477425,2
2025-08-28T13:33:09.477475,3
2025-08-28T13:33:09.505356,1
2025-08-28T13:33:09.505457,1
2025-08-28T13:33:09.505473,2
2025-08-28T13:33:09.505487,3
2025-08-28T13:33:09.505494,4
2025-08-28T13:33:09.505502,5
2025-08-28T13:33:09.505518,6
2025-08-28T13:33:09.505528,7
2025-08-28T13:33:09.505535,8
2025-08-28T13:33:09.505542,9
2025-08-28T13:33:09.572994,1
2025-08-28T13:33:09.573036,1
2025-08-28T13:33:09.573047,2
2025-08-28T13:33:09.573055,3
2025-08-28T13:33:09.573111,4
2025-08-28T13:33:09.573123,5
2025-08-28T13:33:09.573131,6
2025-08-28T13:33:09.573149,7
2025-08-28T13:33:09.573166,8
2025-08-28T13:33:09.573191,9
2025-08-28T13:33:09.603835,1
2025-08-28T13:33:09.603917,1
2025-08-28T13:33:09.603947,2
2025-08-28T13:33:09.604002,3
2025-08-28T13:33:09.604011,4
2025-08-28T13:33:09.604028,5
2025-08-28T13:33:09.604073,6
2025-08-28T13:33:09.604109,7
2025-08-28T13:33:09.604123,8
2025-08-28T13:33:09.604302,1
2025-08-28T13:33:09.629244,1
2025-08-28T13:33:09.629281,1
2025-08-28T13:33:09.629300,2
2025-08-28T13:33:09.629314,3
2025-08-28T13:33:09.629348,4
2025-08-28T13:33:09.629380,5
2025-08-28T13:33:09.629394,6
2025-08-28T13:33:09.629421,7
2025-08-28T13:33:09.629429,8
2025-08-28T13:33:09.629436,9
2025-08-28T13:33:09.642803,1
2025-08-28T13:33:09.642826,2
2025-08-28T13:33:09.642870,3
2025-08-28T13:33:09.642957,4
2025-08-28T13:33:09.642974,5
2025-08-28T13:33:09.643089,6
2025-08-28T13:33:09.643098,7
2025-08-28T13:33:09.643311,8
2025-08-28T13:33:09.643321,9
2025-08-28T13:33:09.643334,10
2025-08-28T13:33:09.653004,1
2025-08-28T13:33:09.653055,1
2025-08-28T13:33:09.653168,2
2025-08-28T13:33:09.653204,1
2025-08-28T13:33:09.653228,2
2025-08-28T13:33:09.653285,3
2025-08-28T13:33:09.653310,4
2025-08-28T13:33:09.653323,5
2025-08-28T13:33:09.653336,6
2025-08-28T13:33:09.653348,7
2025-08-28T13:33:09.708708,1
2025-08-28T13:33:09.708817,1
2025-08-28T13:33:09.708833,2
2025-08-28T13:33:09.708841,3
2025-08-28T13:33:09.708972,4
2025-08-28T13:33:09.709025,5
2025-08-28T13:33:09.709050,6
2025-08-28T13:33:09.709096,7
2025-08-28T13:33:09.709104,8
2025-08-28T13:33:09.709111,9
2025-08-28T13:33:09.732446,1
2025-08-28T13:33:09.732571,1
2025-08-28T13:33:09.732619,2
2025-08-28T13:33:09.732645,3
2025-08-28T13:33:09.732671,4
2025-08-28T13:33:09.732696,5
2025-08-28T13:33:09.732722,6
2025-08-28T13:33:09.732746,7
2025-08-28T13:33:09.732753,8
2025-08-28T13:33:09.732761,9
2025-08-28T13:33:10.043833,1
2025-08-28T13:33:10.043896,1
2025-08-28T13:33:10.043920,1
2025-08-28T13:33:10.043947,1
2025-08-28T13:33:10.043967,1
2025-08-28T13:33:10.061293,1
2025-08-28T13:33:10.061337,1
2025-08-28T13:33:10.061347,2
2025-08-28T13:33:10.061356,3
2025-08-28T13:33:10.061371,4
2025-08-28T13:33:10.061552,5
2025-08-28T13:33:10.061907,6
2025-08-28T13:33:10.062321,7
2025-08-28T13:33:10.062498,8
2025-08-28T13:33:10.062523,9
2025-08-28T13:33:10.075734,1
2025-08-28T13:33:10.075786,1
2025-08-28T13:33:10.075803,2
2025-08-28T13:33:10.075854,1
2025-08-28T13:33:10.075887,2
2025-08-28T13:33:10.075937,3
2025-08-28T13:33:10.075946,4
2025-08-28T13:33:10.076042,5
2025-08-28T13:33:10.076135,6
2025-08-28T13:33:10.076161,7
2025-08-28T13:33:10.091325,1
2025-08-28T13:33:10.091423,1
2025-08-28T13:33:10.091484,1
2025-08-28T13:33:10.091626,1
2025-08-28T13:33:10.091685,1
2025-08-28T13:33:10.091788,1
2025-08-28T13:33:10.091824,1
2025-08-28T13:33:10.091873,1
2025-08-28T13:33:10.091918,2
2025-08-28T13:33:10.092023,3
2025-08-28T13:33:10.100851,1
2025-08-28T13:33:10.101057,1
2025-08-28T13:33:10.101067,2
2025-08-28T13:33:10.101194,3
2025-08-28T13:33:10.101246,4
2025-08-28T13:33:10.101343,5
2025-08-28T13:33:10.101390,6
2025-08-28T13:33:10.101404,7
2025-08-28T13:33:10.101419,8
2025-08-28T13:33:10.101585,9
2025-08-28T13:33:10.111772,1
2025-08-28T13:33:10.111822,1
2025-08-28T13:33:10.111877,2
2025-08-28T13:33:10.111908,3
2025-08-28T13:33:10.111925,4
2025-08-28T13:33:10.112392,5
2025-08-28T13:33:10.112411,6
2025-08-28T13:33:10.112419,7
2025-08-28T13:33:10.112495,8
2025-08-28T13:33:10.112511,9
2025-08-28T13:33:10.217681,1
2025-08-28T13:33:10.217877,1
2025-08-28T13:33:10.217994,2
2025-08-28T13:33:10.218045,3
2025-08-28T13:33:10.218121,4
2025-08-28T13:33:10.218171,5
2025-08-28T13:33:10.218268,6
2025-08-28T13:33:10.218554,7
2025-08-28T13:33:10.218589,1
2025-08-28T13:33:10.218770,2
2025-08-28T13:33:10.260605,1
2025-08-28T13:33:10.260692,1
2025-08-28T13:33:10.260757,1
2025-08-28T13:33:10.260775,2
2025-08-28T13:33:10.260783,3
2025-08-28T13:33:10.260792,4
2025-08-28T13:33:10.260800,5
2025-08-28T13:33:10.261170,6
2025-08-28T13:33:10.261938,7
2025-08-28T13:33:10.261973,8
2025-08-28T13:33:11.097059,1
2025-08-28T13:33:11.097125,1
2025-08-28T13:33:11.097137,2
2025-08-28T13:33:11.097149,3
2025-08-28T13:33:11.097168,4
2025-08-28T13:33:11.134116,1
2025-08-28T13:33:11.134174,1
2025-08-28T13:33:11.134664,2
2025-08-28T13:33:11.135011,1
2025-08-28T13:33:11.135086,1
2025-08-28T13:33:11.135272,1
2025-08-28T13:33:11.135318,1
2025-08-28T13:33:11.135375,1
2025-08-28T13:33:11.135394,1
2025-08-28T13:33:11.135724,1
2025-08-28T13:33:11.157321,1
2025-08-28T13:33:11.157377,1
2025-08-28T13:33:11.157618,2
2025-08-28T13:33:11.157861,3
2025-08-28T13:33:11.158094,4
2025-08-28T13:33:11.158142,5
2025-08-28T13:33:11.158321,6
2025-08-28T13:33:11.158499,7
2025-08-28T13:33:11.158851,8
2025-08-28T13:33:11.158876,9
2025-08-28T13:33:11.177264,1
2025-08-28T13:33:11.177297,2
2025-08-28T13:33:11.177715,3
2025-08-28T13:33:11.177879,1
2025-08-28T13:33:11.178104,1
2025-08-28T13:33:11.178423,1
2025-08-28T13:33:11.178629,1
2025-08-28T13:33:11.178851,2
2025-08-28T13:33:11.178885,1
2025-08-28T13:33:11.179230,2
2025-08-28T13:33:11.195502,1
2025-08-28T13:33:11.195620,1
2025-08-28T13:33:11.195677,2
2025-08-28T13:33:11.195940,3
2025-08-28T13:33:11.196098,4
2025-08-28T13:33:11.196116,5
2025-08-28T13:33:11.196130,6
2025-08-28T13:33:11.196175,7
2025-08-28T13:33:11.196191,8
2025-08-28T13:33:11.196372,9
2025-08-28T13:33:11.232476,1
2025-08-28T13:33:11.232730,1
2025-08-28T13:33:11.233511,1
2025-08-28T13:33:11.234109,1
2025-08-28T13:33:11.234138,1
2025-08-28T13:33:11.234367,1
2025-08-28T13:33:11.236267,1
2025-08-28T13:33:11.237179,1
2025-08-28T13:33:11.237275,2
2025-08-28T13:33:11.238848,3
2025-08-28T13:33:11.272193,1
2025-08-28T13:33:11.272889,1
2025-08-28T13:33:11.273085,1
2025-08-28T13:33:11.273815,2
2025-08-28T13:33:11.273885,3
2025-08-28T13:33:11.274917,1
2025-08-28T13:33:11.274975,1
2025-08-28T13:33:11.275060,2
2025-08-28T13:33:11.275741,1
2025-08-28T13:33:11.276059,1
2025-08-28T13:33:11.309944,1
2025-08-28T13:33:11.310826,1
2025-08-28T13:33:11.311384,1
2025-08-28T13:33:11.312025,2
2025-08-28T13:33:11.312178,1
2025-08-28T13:33:11.312442,2
2025-08-28T13:33:11.312839,1
2025-08-28T13:33:11.312877,2
2025-08-28T13:33:11.312898,3
2025-08-28T13:33:11.315738,1
2025-08-28T13:33:11.335409,1
2025-08-28T13:33:11.335872,1
2025-08-28T13:33:11.335949,1
2025-08-28T13:33:11.335959,2
2025-08-28T13:33:11.336154,3
2025-08-28T13:33:11.336174,4
2025-08-28T13:33:11.336187,5
2025-08-28T13:33:11.336375,6
2025-08-28T13:33:11.336483,7
2025-08-28T13:33:11.336673,8
2025-08-28T13:33:11.344078,1
2025-08-28T13:33:11.344142,1
2025-08-28T13:33:11.344169,1
2025-08-28T13:33:11.344286,1
2025-08-28T13:33:11.344326,1
2025-08-28T13:33:11.344356,1
2025-08-28T13:33:11.344385,1
2025-08-28T13:33:11.344404,1
2025-08-28T13:33:11.344424,1
2025-08-28T13:33:11.344449,1
2025-08-28T13:33:11.362555,1
2025-08-28T13:33:11.362647,1
2025-08-28T13:33:11.362702,2
2025-08-28T13:33:11.362847,3
2025-08-28T13:33:11.362988,4
2025-08-28T13:33:11.362997,5
2025-08-28T13:33:11.363044,6
2025-08-28T13:33:11.363052,7
2025-08-28T13:33:11.363068,8
2025-08-28T13:33:11.363082,9
2025-08-28T13:33:11.405058,1
2025-08-28T13:33:11.405106,2
2025-08-28T13:33:11.405164,3
2025-08-28T13:33:11.405172,4
2025-08-28T13:33:11.405197,5
2025-08-28T13:33:11.405244,6
2025-08-28T13:33:11.405266,7
2025-08-28T13:33:11.405291,8
2025-08-28T13:33:11.405300,9
2025-08-28T13:33:11.405316,10
2025-08-28T13:33:11.566685,1
2025-08-28T13:33:11.566818,1
2025-08-28T13:33:11.567052,1
2025-08-28T13:33:11.567113,1
2025-08-28T13:33:11.567139,1
2025-08-28T13:33:11.567197,1
2025-08-28T13:33:11.567347,1
2025-08-28T13:33:11.598340,1
2025-08-28T13:33:11.598378,1
2025-08-28T13:33:11.598428,2
2025-08-28T13:33:11.598455,3
2025-08-28T13:33:11.598463,4
2025-08-28T13:33:11.598471,5
2025-08-28T13:33:11.598522,6
2025-08-28T13:33:11.598575,7
2025-08-28T13:33:11.598719,1
2025-08-28T13:33:11.598753,2
2025-08-28T13:33:11.612652,1
2025-08-28T13:33:11.612708,1
2025-08-28T13:33:11.612768,2
2025-08-28T13:33:11.612825,3
2025-08-28T13:33:11.612872,4
2025-08-28T13:33:11.612919,5
2025-08-28T13:33:11.613011,1
2025-08-28T13:33:11.613041,1
2025-08-28T13:33:11.613056,2
2025-08-28T13:33:11.613069,3
2025-08-28T13:33:11.630237,1
2025-08-28T13:33:11.630282,1
2025-08-28T13:33:11.630310,2
2025-08-28T13:33:11.630328,3
2025-08-28T13:33:11.630427,4
2025-08-28T13:33:11.630436,5
2025-08-28T13:33:11.630473,6
2025-08-28T13:33:11.630534,7
2025-08-28T13:33:11.630599,8
2025-08-28T13:33:11.630607,9
2025-08-28T13:33:11.639148,1
2025-08-28T13:33:11.639185,2
2025-08-28T13:33:11.639195,3
2025-08-28T13:33:11.639356,4
2025-08-28T13:33:11.639448,5
2025-08-28T13:33:11.639491,1
2025-08-28T13:33:11.639521,2
2025-08-28T13:33:11.639554,3
2025-08-28T13:33:11.639565,4
2025-08-28T13:33:11.639615,5
2025-08-28T13:33:11.664805,1
2025-08-28T13:33:11.665063,1
2025-08-28T13:33:11.665097,1
2025-08-28T13:33:11.665229,1
2025-08-28T13:33:11.665317,2
2025-08-28T13:33:11.665345,3
2025-08-28T13:33:11.665355,4
2025-08-28T13:33:11.665620,5
2025-08-28T13:33:11.665711,6
2025-08-28T13:33:11.665757,7
2025-08-28T13:33:11.686752,1
2025-08-28T13:33:11.686795,1
2025-08-28T13:33:11.686804,2
2025-08-28T13:33:11.686817,3
2025-08-28T13:33:11.686832,4
2025-08-28T13:33:11.686879,5
2025-08-28T13:33:11.686970,6
2025-08-28T13:33:11.686984,7
2025-08-28T13:33:11.687032,8
2025-08-28T13:33:11.687103,9
2025-08-28T13:33:11.701840,1
2025-08-28T13:33:11.701889,2
2025-08-28T13:33:11.701975,3
2025-08-28T13:33:11.702402,4
2025-08-28T13:33:11.702526,1
2025-08-28T13:33:11.702713,1
2025-08-28T13:33:11.702726,2
2025-08-28T13:33:11.702785,3
2025-08-28T13:33:11.702810,4
2025-08-28T13:33:11.702872,1
2025-08-28T13:33:11.749357,1
2025-08-28T13:33:11.749415,2
2025-08-28T13:33:11.749441,3
2025-08-28T13:33:11.749452,4
2025-08-28T13:33:11.749527,5
2025-08-28T13:33:11.749538,6
2025-08-28T13:33:11.749551,7
2025-08-28T13:33:11.749812,1
2025-08-28T13:33:11.749824,2
2025-08-28T13:33:11.749840,3
2025-08-28T13:33:11.821203,1
2025-08-28T13:33:11.821364,1
2025-08-28T13:33:11.821404,1
2025-08-28T13:33:11.821467,1
2025-08-28T13:33:11.821535,1
2025-08-28T13:33:11.821544,2
2025-08-28T13:33:11.821590,3
2025-08-28T13:33:11.821681,1
2025-08-28T13:33:11.821715,1
2025-08-28T13:33:11.821724,2
2025-08-28T13:33:12.003610,1
2025-08-28T13:33:12.004014,1
2025-08-28T13:33:12.004222,1
2025-08-28T13:33:12.004279,1
2025-08-28T13:33:12.060780,1
2025-08-28T13:33:12.060842,1
2025-08-28T13:33:12.060944,2
2025-08-28T13:33:12.061011,3
2025-08-28T13:33:12.061020,4
2025-08-28T13:33:12.061028,5
2025-08-28T13:33:12.061129,6
2025-08-28T13:33:12.061171,7
2025-08-28T13:33:12.061185,8
2025-08-28T13:33:12.061201,9
2025-08-28T13:33:12.118559,1
2025-08-28T13:33:12.118635,1
2025-08-28T13:33:12.118889,1
2025-08-28T13:33:12.118965,2
2025-08-28T13:33:12.119026,1
2025-08-28T13:33:12.119060,1
2025-08-28T13:33:12.119140,1
2025-08-28T13:33:12.119266,1
2025-08-28T13:33:12.119323,1
2025-08-28T13:33:12.119470,1
2025-08-28T13:33:12.297271,1
2025-08-28T13:33:12.297392,1
2025-08-28T13:33:12.297600,2
2025-08-28T13:33:12.297657,3
2025-08-28T13:33:12.297687,4
2025-08-28T13:33:12.297705,5
2025-08-28T13:33:12.297720,6
2025-08-28T13:33:12.297734,7
2025-08-28T13:33:12.297762,8
2025-08-28T13:33:12.297785,9
2025-08-28T13:33:12.342578,1
2025-08-28T13:33:12.342645,1
2025-08-28T13:33:12.342673,2
2025-08-28T13:33:12.342722,3
2025-08-28T13:33:12.342738,4
2025-08-28T13:33:12.342752,5
2025-08-28T13:33:12.342785,6
2025-08-28T13:33:12.342821,7
2025-08-28T13:33:12.342835,8
2025-08-28T13:33:12.342859,9
2025-08-28T13:33:12.437251,1
2025-08-28T13:33:12.437307,1
2025-08-28T13:33:12.437325,2
2025-08-28T13:33:12.437343,3
2025-08-28T13:33:12.437351,4
2025-08-28T13:33:12.437360,5
2025-08-28T13:33:12.437472,6
2025-08-28T13:33:12.437572,7
2025-08-28T13:33:12.437606,8
2025-08-28T13:33:12.437676,9
2025-08-28T13:33:12.675407,1
2025-08-28T13:33:12.675553,1
2025-08-28T13:33:12.675855,1
2025-08-28T13:33:12.675921,1
2025-08-28T13:33:12.675939,2
2025-08-28T13:33:12.675951,3
2025-08-28T13:33:12.675962,4
2025-08-28T13:33:12.675970,5
2025-08-28T13:33:12.676012,6
2025-08-28T13:33:12.676047,7
2025-08-28T13:33:12.776547,1
2025-08-28T13:33:12.776699,1
2025-08-28T13:33:12.776826,1
2025-08-28T13:33:12.777215,1
2025-08-28T13:33:12.777524,1
2025-08-28T13:33:12.777660,1
2025-08-28T13:33:12.777727,1
2025-08-28T13:33:12.777744,2
2025-08-28T13:33:12.777751,3
2025-08-28T13:33:12.777761,4
2025-08-28T13:33:14.289460,1
2025-08-28T13:33:14.290179,1
2025-08-28T13:33:14.290251,2
2025-08-28T13:33:14.290515,3
2025-08-28T13:33:14.330197,1
2025-08-28T13:33:14.330314,1
2025-08-28T13:33:14.330405,1
2025-08-28T13:33:14.330962,2
2025-08-28T13:33:14.331443,1
2025-08-28T13:33:14.331497,1
2025-08-28T13:33:14.331535,2
2025-08-28T13:33:14.331572,1
2025-08-28T13:33:14.331887,2
2025-08-28T13:33:14.332187,1
2025-08-28T13:33:14.360623,1
2025-08-28T13:33:14.360676,2
2025-08-28T13:33:14.360745,1
2025-08-28T13:33:14.360775,2
2025-08-28T13:33:14.360813,1
2025-08-28T13:33:14.360835,2
2025-08-28T13:33:14.361063,1
2025-08-28T13:33:14.361103,1
2025-08-28T13:33:14.361141,2
2025-08-28T13:33:14.361156,3
2025-08-28T13:33:14.379850,1
2025-08-28T13:33:14.380061,1
2025-08-28T13:33:14.380133,2
2025-08-28T13:33:14.380143,3
2025-08-28T13:33:14.380238,4
2025-08-28T13:33:14.380252,5
2025-08-28T13:33:14.380301,6
2025-08-28T13:33:14.380315,7
2025-08-28T13:33:14.380329,8
2025-08-28T13:33:14.380361,9
2025-08-28T13:33:14.448056,1
2025-08-28T13:33:14.448123,1
2025-08-28T13:33:14.448143,2
2025-08-28T13:33:14.448170,1
2025-08-28T13:33:14.448230,2
2025-08-28T13:33:14.448354,3
2025-08-28T13:33:14.448381,4
2025-08-28T13:33:14.448416,5
2025-08-28T13:33:14.448465,6
2025-08-28T13:33:14.448558,7
2025-08-28T13:33:14.526625,1
2025-08-28T13:33:14.526714,1
2025-08-28T13:33:14.527164,1
2025-08-28T13:33:14.527188,2
2025-08-28T13:33:14.527377,1
2025-08-28T13:33:14.527560,1
2025-08-28T13:33:14.527650,2
2025-08-28T13:33:14.527677,3
2025-08-28T13:33:14.527769,4
2025-08-28T13:33:14.527779,5
2025-08-28T13:33:14.994525,1
2025-08-28T13:33:14.994803,1
2025-08-28T13:33:14.994817,2
2025-08-28T13:33:14.995226,3
2025-08-28T13:33:14.995235,4
2025-08-28T13:33:14.995246,5
2025-08-28T13:33:14.995254,6
2025-08-28T13:33:14.995270,7
2025-08-28T13:33:14.995283,8
2025-08-28T13:33:15.008275,1
2025-08-28T13:33:15.008317,2
2025-08-28T13:33:15.008494,1
2025-08-28T13:33:15.008506,2
2025-08-28T13:33:15.008625,3
2025-08-28T13:33:15.008635,4
2025-08-28T13:33:15.008781,5
2025-08-28T13:33:15.008791,6
2025-08-28T13:33:15.008821,7
2025-08-28T13:33:15.008914,8
2025-08-28T13:33:15.027010,1
2025-08-28T13:33:15.027343,1
2025-08-28T13:33:15.027467,1
2025-08-28T13:33:15.027496,2
2025-08-28T13:33:15.027506,3
2025-08-28T13:33:15.027517,4
2025-08-28T13:33:15.027562,5
2025-08-28T13:33:15.027589,6
2025-08-28T13:33:15.027599,7
2025-08-28T13:33:15.027606,8
2025-08-28T13:33:15.044461,1
2025-08-28T13:33:15.044555,1
2025-08-28T13:33:15.044589,2
2025-08-28T13:33:15.044808,3
2025-08-28T13:33:15.044826,4
2025-08-28T13:33:15.045053,5
2025-08-28T13:33:15.045068,6
2025-08-28T13:33:15.045222,7
2025-08-28T13:33:15.045572,8
2025-08-28T13:33:15.045586,9
2025-08-28T13:33:15.070859,1
2025-08-28T13:33:15.071007,1
2025-08-28T13:33:15.071050,1
2025-08-28T13:33:15.071465,1
2025-08-28T13:33:15.071482,2
2025-08-28T13:33:15.071574,3
2025-08-28T13:33:15.071620,4
2025-08-28T13:33:15.071628,5
2025-08-28T13:33:15.071635,6
2025-08-28T13:33:15.071812,7
2025-08-28T13:33:15.084226,1
2025-08-28T13:33:15.084538,1
2025-08-28T13:33:15.084619,1
2025-08-28T13:33:15.084885,1
2025-08-28T13:33:15.085139,2
2025-08-28T13:33:15.085241,1
2025-08-28T13:33:15.085461,1
2025-08-28T13:33:15.085557,2
2025-08-28T13:33:15.085584,3
2025-08-28T13:33:15.085592,4
2025-08-28T13:33:15.098178,1
2025-08-28T13:33:15.098273,1
2025-08-28T13:33:15.098498,1
2025-08-28T13:33:15.098699,1
2025-08-28T13:33:15.098732,1
2025-08-28T13:33:15.098896,2
2025-08-28T13:33:15.098905,3
2025-08-28T13:33:15.098916,4
2025-08-28T13:33:15.098941,5
2025-08-28T13:33:15.098970,6
2025-08-28T13:33:15.117086,1
2025-08-28T13:33:15.117147,2
2025-08-28T13:33:15.117163,3
2025-08-28T13:33:15.117171,4
2025-08-28T13:33:15.117263,5
2025-08-28T13:33:15.117276,6
2025-08-28T13:33:15.117283,7
2025-08-28T13:33:15.117315,8
2025-08-28T13:33:15.117381,9
2025-08-28T13:33:15.117412,10
2025-08-28T13:33:15.131421,1
2025-08-28T13:33:15.131505,1
2025-08-28T13:33:15.131654,1
2025-08-28T13:33:15.131669,2
2025-08-28T13:33:15.131678,3
2025-08-28T13:33:15.131826,4
2025-08-28T13:33:15.131974,1
2025-08-28T13:33:15.132067,2
2025-08-28T13:33:15.132076,3
2025-08-28T13:33:15.132101,4
2025-08-28T13:33:15.142214,1
2025-08-28T13:33:15.142409,1
2025-08-28T13:33:15.142441,2
2025-08-28T13:33:15.142466,3
2025-08-28T13:33:15.142577,4
2025-08-28T13:33:15.142610,5
2025-08-28T13:33:15.142633,6
2025-08-28T13:33:15.142686,7
2025-08-28T13:33:15.142732,8
2025-08-28T13:33:15.142757,9
2025-08-28T13:33:15.167417,1
2025-08-28T13:33:15.167899,1
2025-08-28T13:33:15.168050,2
2025-08-28T13:33:15.168192,1
2025-08-28T13:33:15.168319,1
2025-08-28T13:33:15.168402,1
2025-08-28T13:33:15.168426,2
2025-08-28T13:33:15.168441,3
2025-08-28T13:33:15.168468,4
2025-08-28T13:33:15.168486,5
2025-08-28T13:33:15.194183,1
2025-08-28T13:33:15.194511,1
2025-08-28T13:33:15.194578,1
2025-08-28T13:33:15.194620,1
2025-08-28T13:33:15.195085,1
2025-08-28T13:33:15.195173,1
2025-08-28T13:33:15.195193,2
2025-08-28T13:33:15.195253,3
2025-08-28T13:33:15.195282,4
2025-08-28T13:33:15.195368,5
2025-08-28T13:33:15.214138,1
2025-08-28T13:33:15.214185,1
2025-08-28T13:33:15.214212,2
2025-08-28T13:33:15.214220,3
2025-08-28T13:33:15.214312,4
2025-08-28T13:33:15.214345,1
2025-08-28T13:33:15.214358,2
2025-08-28T13:33:15.214452,3
2025-08-28T13:33:15.214476,4
2025-08-28T13:33:15.214607,5
2025-08-28T13:33:15.230768,1
2025-08-28T13:33:15.230840,1
2025-08-28T13:33:15.230849,2
2025-08-28T13:33:15.230902,3
2025-08-28T13:33:15.230928,4
2025-08-28T13:33:15.230951,5
2025-08-28T13:33:15.230975,6
2025-08-28T13:33:15.230986,7
2025-08-28T13:33:15.231030,8
2025-08-28T13:33:15.231041,9
2025-08-28T13:33:15.513763,1
2025-08-28T13:33:15.513864,1
2025-08-28T13:33:15.513882,2
2025-08-28T13:33:15.513954,3
2025-08-28T13:33:15.525051,1
2025-08-28T13:33:15.525208,1
2025-08-28T13:33:15.525292,2
2025-08-28T13:33:15.525301,3
2025-08-28T13:33:15.525329,4
2025-08-28T13:33:15.525337,5
2025-08-28T13:33:15.525344,6
2025-08-28T13:33:15.525372,7
2025-08-28T13:33:15.525383,8
2025-08-28T13:33:15.525390,9
2025-08-28T13:33:15.535637,1
2025-08-28T13:33:15.535684,1
2025-08-28T13:33:15.535701,2
2025-08-28T13:33:15.535729,3
2025-08-28T13:33:15.535755,4
2025-08-28T13:33:15.535803,5
2025-08-28T13:33:15.535861,6
2025-08-28T13:33:15.535962,7
2025-08-28T13:33:15.535998,8
2025-08-28T13:33:15.536012,9
2025-08-28T13:33:15.557641,1
2025-08-28T13:33:15.557666,2
2025-08-28T13:33:15.557728,3
2025-08-28T13:33:15.557777,1
2025-08-28T13:33:15.558151,2
2025-08-28T13:33:15.558436,3
2025-08-28T13:33:15.558462,4
2025-08-28T13:33:15.558475,5
2025-08-28T13:33:15.558565,6
2025-08-28T13:33:15.558573,7
2025-08-28T13:33:15.585105,1
2025-08-28T13:33:15.585210,1
2025-08-28T13:33:15.585782,2
2025-08-28T13:33:15.585843,1
2025-08-28T13:33:15.586408,1
2025-08-28T13:33:15.586671,2
2025-08-28T13:33:15.586764,1
2025-08-28T13:33:15.587182,1
2025-08-28T13:33:15.587255,1
2025-08-28T13:33:15.587376,1
2025-08-28T13:33:15.603049,1
2025-08-28T13:33:15.603200,1
2025-08-28T13:33:15.603299,2
2025-08-28T13:33:15.603329,3
2025-08-28T13:33:15.603352,4
2025-08-28T13:33:15.603376,5
2025-08-28T13:33:15.603543,6
2025-08-28T13:33:15.603587,7
2025-08-28T13:33:15.603620,8
2025-08-28T13:33:15.603634,9
2025-08-28T13:33:15.620816,1
2025-08-28T13:33:15.620985,1
2025-08-28T13:33:15.621021,1
2025-08-28T13:33:15.621035,2
2025-08-28T13:33:15.621215,3
2025-08-28T13:33:15.621280,4
2025-08-28T13:33:15.621462,5
2025-08-28T13:33:15.621518,6
2025-08-28T13:33:15.621698,7
2025-08-28T13:33:15.621711,8
2025-08-28T13:33:15.632597,1
2025-08-28T13:33:15.632901,1
2025-08-28T13:33:15.632945,2
2025-08-28T13:33:15.633048,3
2025-08-28T13:33:15.633179,4
2025-08-28T13:33:15.633261,5
2025-08-28T13:33:15.633309,6
2025-08-28T13:33:15.633344,7
2025-08-28T13:33:15.633398,8
2025-08-28T13:33:15.633502,9
2025-08-28T13:33:15.668018,1
2025-08-28T13:33:15.668052,2
2025-08-28T13:33:15.668127,3
2025-08-28T13:33:15.668154,4
2025-08-28T13:33:15.668179,5
2025-08-28T13:33:15.668367,6
2025-08-28T13:33:15.668376,7
2025-08-28T13:33:15.668470,8
2025-08-28T13:33:15.668535,9
2025-08-28T13:33:15.668549,10
2025-08-28T13:33:15.684058,1
2025-08-28T13:33:15.684111,1
2025-08-28T13:33:15.684147,2
2025-08-28T13:33:15.684155,3
2025-08-28T13:33:15.684211,4
2025-08-28T13:33:15.684258,5
2025-08-28T13:33:15.684266,6
2025-08-28T13:33:15.684292,7
2025-08-28T13:33:15.684401,8
2025-08-28T13:33:15.684409,9
2025-08-28T13:33:15.714410,1
2025-08-28T13:33:15.714484,2
2025-08-28T13:33:15.714511,3
2025-08-28T13:33:15.714691,4
2025-08-28T13:33:15.714770,1
2025-08-28T13:33:15.714782,2
2025-08-28T13:33:15.714794,3
2025-08-28T13:33:15.714850,1
2025-08-28T13:33:15.714930,2
2025-08-28T13:33:15.714950,3
2025-08-28T13:33:15.743962,1
2025-08-28T13:33:15.744050,1
2025-08-28T13:33:15.744061,2
2025-08-28T13:33:15.744068,3
2025-08-28T13:33:15.744076,4
2025-08-28T13:33:15.744089,5
2025-08-28T13:33:15.744099,6
2025-08-28T13:33:15.744126,7
2025-08-28T13:33:15.744134,8
2025-08-28T13:33:15.744180,9
2025-08-28T13:33:15.767445,1
2025-08-28T13:33:15.767490,1
2025-08-28T13:33:15.767512,2
2025-08-28T13:33:15.767600,3
2025-08-28T13:33:15.767609,4
2025-08-28T13:33:15.767666,5
2025-08-28T13:33:15.767692,6
2025-08-28T13:33:15.767713,7
2025-08-28T13:33:15.767762,8
2025-08-28T13:33:15.767779,9
2025-08-28T13:33:16.191370,1
2025-08-28T13:33:16.191530,2
2025-08-28T13:33:16.191609,3
2025-08-28T13:33:16.191640,4
2025-08-28T13:33:16.191667,5
2025-08-28T13:33:16.191724,6
2025-08-28T13:33:16.191752,7
2025-08-28T13:33:16.191780,8
2025-08-28T13:33:16.191823,9
2025-08-28T13:33:16.191970,10
2025-08-28T13:33:16.210095,1
2025-08-28T13:33:16.210211,2
2025-08-28T13:33:16.210305,3
2025-08-28T13:33:16.210464,4
2025-08-28T13:33:16.210644,5
2025-08-28T13:33:16.211759,6
2025-08-28T13:33:16.212027,1
2025-08-28T13:33:16.212129,2
2025-08-28T13:33:16.212157,3
2025-08-28T13:33:16.212189,4
2025-08-28T13:33:16.269410,1
2025-08-28T13:33:16.270193,1
2025-08-28T13:33:16.270399,1
2025-08-28T13:33:16.270500,2
2025-08-28T13:33:16.270509,3
2025-08-28T13:33:16.270516,4
2025-08-28T13:33:16.270582,5
2025-08-28T13:33:16.270590,6
2025-08-28T13:33:16.270603,7
2025-08-28T13:33:16.270616,8
2025-08-28T13:33:16.285900,1
2025-08-28T13:33:16.285945,2
2025-08-28T13:33:16.286048,3
2025-08-28T13:33:16.286148,4
2025-08-28T13:33:16.286201,5
2025-08-28T13:33:16.286255,6
2025-08-28T13:33:16.286326,1
2025-08-28T13:33:16.286334,2
2025-08-28T13:33:16.286382,3
2025-08-28T13:33:16.286417,4
2025-08-28T13:33:16.337438,1
2025-08-28T13:33:16.337479,1
2025-08-28T13:33:16.337488,2
2025-08-28T13:33:16.337506,3
2025-08-28T13:33:16.337597,4
2025-08-28T13:33:16.337694,5
2025-08-28T13:33:16.337787,6
2025-08-28T13:33:16.338155,7
2025-08-28T13:33:16.338345,8
2025-08-28T13:33:16.338539,9
2025-08-28T13:33:16.383447,1
2025-08-28T13:33:16.383532,1
2025-08-28T13:33:16.383548,2
2025-08-28T13:33:16.383558,3
2025-08-28T13:33:16.383593,4
2025-08-28T13:33:16.383617,5
2025-08-28T13:33:16.383624,6
2025-08-28T13:33:16.383645,7
2025-08-28T13:33:16.383675,8
2025-08-28T13:33:16.383683,9
2025-08-28T13:33:16.400381,1
2025-08-28T13:33:16.400429,1
2025-08-28T13:33:16.400439,2
2025-08-28T13:33:16.400448,3
2025-08-28T13:33:16.400456,4
2025-08-28T13:33:16.400463,5
2025-08-28T13:33:16.400476,6
2025-08-28T13:33:16.400483,7
2025-08-28T13:33:16.400910,8
2025-08-28T13:33:16.401049,1
2025-08-28T13:33:16.425206,1
2025-08-28T13:33:16.425256,1
2025-08-28T13:33:16.425264,2
2025-08-28T13:33:16.425300,3
2025-08-28T13:33:16.425325,4
2025-08-28T13:33:16.425332,5
2025-08-28T13:33:16.425342,6
2025-08-28T13:33:16.425349,7
2025-08-28T13:33:16.425418,8
2025-08-28T13:33:16.425426,9
2025-08-28T13:33:16.451491,1
2025-08-28T13:33:16.451538,1
2025-08-28T13:33:16.451587,2
2025-08-28T13:33:16.451630,1
2025-08-28T13:33:16.451724,2
2025-08-28T13:33:16.451732,3
2025-08-28T13:33:16.451743,4
2025-08-28T13:33:16.451751,5
2025-08-28T13:33:16.451759,6
2025-08-28T13:33:16.451814,7
2025-08-28T13:33:16.477404,1
2025-08-28T13:33:16.477530,1
2025-08-28T13:33:16.477556,2
2025-08-28T13:33:16.477569,3
2025-08-28T13:33:16.477588,4
2025-08-28T13:33:16.477595,5
2025-08-28T13:33:16.477684,6
2025-08-28T13:33:16.477698,7
2025-08-28T13:33:16.477710,8
2025-08-28T13:33:16.477725,9
2025-08-28T13:33:16.713657,1
2025-08-28T13:33:16.713925,1
2025-08-28T13:33:16.714441,1
2025-08-28T13:33:16.747549,1
2025-08-28T13:33:16.747740,1
2025-08-28T13:33:16.747886,1
2025-08-28T13:33:16.748013,2
2025-08-28T13:33:16.748075,1
2025-08-28T13:33:16.748142,1
2025-08-28T13:33:16.748187,1
2025-08-28T13:33:16.748267,1
2025-08-28T13:33:16.748305,1
2025-08-28T13:33:16.748330,1
2025-08-28T13:33:16.763567,1
2025-08-28T13:33:16.763707,2
2025-08-28T13:33:16.763846,3
2025-08-28T13:33:16.763860,4
2025-08-28T13:33:16.763881,5
2025-08-28T13:33:16.763939,1
2025-08-28T13:33:16.763954,2
2025-08-28T13:33:16.763995,3
2025-08-28T13:33:16.764016,4
2025-08-28T13:33:16.764023,5
2025-08-28T13:33:16.781992,1
2025-08-28T13:33:16.782131,1
2025-08-28T13:33:16.782243,1
2025-08-28T13:33:16.782270,2
2025-08-28T13:33:16.782279,3
2025-08-28T13:33:16.782339,4
2025-08-28T13:33:16.782348,5
2025-08-28T13:33:16.782389,6
2025-08-28T13:33:16.782419,7
2025-08-28T13:33:16.782433,8
2025-08-28T13:33:16.816640,1
2025-08-28T13:33:16.816734,2
2025-08-28T13:33:16.816756,3
2025-08-28T13:33:16.816774,4
2025-08-28T13:33:16.816870,5
2025-08-28T13:33:16.816906,6
2025-08-28T13:33:16.816918,7
2025-08-28T13:33:16.817048,8
2025-08-28T13:33:16.817079,9
2025-08-28T13:33:16.817088,10
2025-08-28T13:33:16.866716,1
2025-08-28T13:33:16.866778,1
2025-08-28T13:33:16.866789,2
2025-08-28T13:33:16.866798,3
2025-08-28T13:33:16.866807,4
2025-08-28T13:33:16.866835,5
2025-08-28T13:33:16.866849,6
2025-08-28T13:33:16.866900,7
2025-08-28T13:33:16.866947,8
2025-08-28T13:33:16.866962,9
2025-08-28T13:33:16.895472,1
2025-08-28T13:33:16.895518,1
2025-08-28T13:33:16.895550,2
2025-08-28T13:33:16.895612,3
2025-08-28T13:33:16.895653,4
2025-08-28T13:33:16.895661,5
2025-08-28T13:33:16.895668,6
2025-08-28T13:33:16.895681,7
2025-08-28T13:33:16.895702,8
2025-08-28T13:33:16.895728,9
2025-08-28T13:33:16.917950,1
2025-08-28T13:33:16.917992,1
2025-08-28T13:33:16.918017,1
2025-08-28T13:33:16.918544,2
2025-08-28T13:33:16.918579,1
2025-08-28T13:33:16.918587,2
2025-08-28T13:33:16.918769,3
2025-08-28T13:33:16.918778,4
2025-08-28T13:33:16.918785,5
2025-08-28T13:33:16.918795,6
2025-08-28T13:33:16.986065,1
2025-08-28T13:33:16.986156,1
2025-08-28T13:33:16.986174,2
2025-08-28T13:33:16.986367,3
2025-08-28T13:33:16.986375,4
2025-08-28T13:33:16.986383,5
2025-08-28T13:33:16.986394,6
2025-08-28T13:33:16.986402,7
2025-08-28T13:33:16.986410,8
2025-08-28T13:33:16.986457,9
2025-08-28T13:33:17.242463,1
2025-08-28T13:33:17.242533,1
2025-08-28T13:33:17.242586,2
2025-08-28T13:33:17.242642,3
2025-08-28T13:33:17.259797,1
2025-08-28T13:33:17.259852,1
2025-08-28T13:33:17.259881,2
2025-08-28T13:33:17.259890,3
2025-08-28T13:33:17.259979,4
2025-08-28T13:33:17.259991,5
2025-08-28T13:33:17.260040,6
2025-08-28T13:33:17.260065,7
2025-08-28T13:33:17.260089,8
2025-08-28T13:33:17.260156,9
2025-08-28T13:33:17.272038,1
2025-08-28T13:33:17.272086,1
2025-08-28T13:33:17.272155,2
2025-08-28T13:33:17.272183,3
2025-08-28T13:33:17.272232,4
2025-08-28T13:33:17.272301,5
2025-08-28T13:33:17.272352,6
2025-08-28T13:33:17.272360,7
2025-08-28T13:33:17.272385,8
2025-08-28T13:33:17.272433,9
2025-08-28T13:33:17.281517,1
2025-08-28T13:33:17.281814,1
2025-08-28T13:33:17.281859,1
2025-08-28T13:33:17.281886,2
2025-08-28T13:33:17.281926,3
2025-08-28T13:33:17.282051,4
2025-08-28T13:33:17.282149,1
2025-08-28T13:33:17.282274,1
2025-08-28T13:33:17.282313,1
2025-08-28T13:33:17.282383,1
2025-08-28T13:33:17.295097,1
2025-08-28T13:33:17.295171,1
2025-08-28T13:33:17.295204,2
2025-08-28T13:33:17.295231,3
2025-08-28T13:33:17.295241,4
2025-08-28T13:33:17.295268,5
2025-08-28T13:33:17.295277,6
2025-08-28T13:33:17.295303,7
2025-08-28T13:33:17.295332,8
2025-08-28T13:33:17.295365,9
2025-08-28T13:33:17.302466,1
2025-08-28T13:33:17.302581,1
2025-08-28T13:33:17.302706,1
2025-08-28T13:33:17.302758,1
2025-08-28T13:33:17.302885,1
2025-08-28T13:33:17.303011,1
2025-08-28T13:33:17.303059,2
2025-08-28T13:33:17.303089,3
2025-08-28T13:33:17.303118,4
2025-08-28T13:33:17.303153,5
2025-08-28T13:33:17.312011,1
2025-08-28T13:33:17.312105,1
2025-08-28T13:33:17.312294,1
2025-08-28T13:33:17.312456,1
2025-08-28T13:33:17.312626,2
2025-08-28T13:33:17.312708,1
2025-08-28T13:33:17.312863,1
2025-08-28T13:33:17.312902,2
2025-08-28T13:33:17.312922,3
2025-08-28T13:33:17.313084,4
2025-08-28T13:33:17.326034,1
2025-08-28T13:33:17.326238,2
2025-08-28T13:33:17.326292,1
2025-08-28T13:33:17.326422,2
2025-08-28T13:33:17.326487,1
2025-08-28T13:33:17.326558,2
2025-08-28T13:33:17.326596,3
2025-08-28T13:33:17.326640,4
2025-08-28T13:33:17.326719,1
2025-08-28T13:33:17.326785,2
2025-08-28T13:33:17.343415,1
2025-08-28T13:33:17.343521,2
2025-08-28T13:33:17.343540,3
2025-08-28T13:33:17.343557,4
2025-08-28T13:33:17.343566,5
2025-08-28T13:33:17.343660,6
2025-08-28T13:33:17.343669,7
2025-08-28T13:33:17.343683,8
2025-08-28T13:33:17.343693,9
2025-08-28T13:33:17.343707,10
2025-08-28T13:33:17.360852,1
2025-08-28T13:33:17.361030,1
2025-08-28T13:33:17.361070,1
2025-08-28T13:33:17.361091,1
2025-08-28T13:33:17.361129,1
2025-08-28T13:33:17.361174,1
2025-08-28T13:33:17.361203,1
2025-08-28T13:33:17.361222,1
2025-08-28T13:33:17.361252,1
2025-08-28T13:33:17.361287,1
2025-08-28T13:33:17.387209,1
2025-08-28T13:33:17.387251,1
2025-08-28T13:33:17.387278,2
2025-08-28T13:33:17.387290,3
2025-08-28T13:33:17.387322,4
2025-08-28T13:33:17.387331,5
2025-08-28T13:33:17.387342,6
2025-08-28T13:33:17.387348,7
2025-08-28T13:33:17.387377,8
2025-08-28T13:33:17.387405,9
2025-08-28T13:33:17.400707,1
2025-08-28T13:33:17.400789,1
2025-08-28T13:33:17.400839,1
2025-08-28T13:33:17.400932,2
2025-08-28T13:33:17.400949,3
2025-08-28T13:33:17.401047,4
2025-08-28T13:33:17.401193,5
2025-08-28T13:33:17.401221,6
2025-08-28T13:33:17.401230,7
2025-08-28T13:33:17.401326,8
2025-08-28T13:33:17.419076,1
2025-08-28T13:33:17.419125,1
2025-08-28T13:33:17.419134,2
2025-08-28T13:33:17.419150,3
2025-08-28T13:33:17.419258,4
2025-08-28T13:33:17.419272,5
2025-08-28T13:33:17.419282,6
2025-08-28T13:33:17.419290,7
2025-08-28T13:33:17.419297,8
2025-08-28T13:33:17.419304,9
2025-08-28T13:33:17.448675,1
2025-08-28T13:33:17.448731,1
2025-08-28T13:33:17.448762,2
2025-08-28T13:33:17.448778,3
2025-08-28T13:33:17.448799,4
2025-08-28T13:33:17.448826,5
2025-08-28T13:33:17.448948,6
2025-08-28T13:33:17.448956,7
2025-08-28T13:33:17.449104,8
2025-08-28T13:33:17.449114,9
2025-08-28T13:33:17.464731,1
2025-08-28T13:33:17.464821,1
2025-08-28T13:33:17.464832,2
2025-08-28T13:33:17.464889,3
2025-08-28T13:33:17.464919,4
2025-08-28T13:33:17.464940,5
2025-08-28T13:33:17.464954,6
2025-08-28T13:33:17.464985,7
2025-08-28T13:33:17.465007,8
2025-08-28T13:33:17.465024,9
2025-08-28T13:33:17.488059,1
2025-08-28T13:33:17.488358,1
2025-08-28T13:33:17.488390,1
2025-08-28T13:33:17.488449,2
2025-08-28T13:33:17.488464,3
2025-08-28T13:33:17.488518,4
2025-08-28T13:33:17.488529,5
2025-08-28T13:33:17.488593,6
2025-08-28T13:33:17.488607,7
2025-08-28T13:33:17.488653,8
2025-08-28T13:33:19.567030,1
2025-08-28T13:33:19.567371,1
2025-08-28T13:33:19.567784,1
2025-08-28T13:33:19.567950,2
2025-08-28T13:33:19.568248,1
2025-08-28T13:33:19.568499,1
2025-08-28T13:33:19.568731,2
2025-08-28T13:33:19.569547,1
2025-08-28T13:33:19.569655,1
2025-08-28T13:33:19.569694,2
2025-08-28T13:33:19.598306,1
2025-08-28T13:33:19.598378,1
2025-08-28T13:33:19.598469,2
2025-08-28T13:33:19.598724,1
2025-08-28T13:33:19.599231,1
2025-08-28T13:33:19.599799,1
2025-08-28T13:33:19.600084,1
2025-08-28T13:33:19.600606,2
2025-08-28T13:33:19.600855,1
2025-08-28T13:33:19.600892,2
2025-08-28T13:33:19.690654,1
2025-08-28T13:33:19.690713,1
2025-08-28T13:33:19.690810,2
2025-08-28T13:33:19.690988,3
2025-08-28T13:33:19.690996,4
2025-08-28T13:33:19.691044,5
2025-08-28T13:33:19.691067,6
2025-08-28T13:33:19.691080,7
2025-08-28T13:33:19.691103,8
2025-08-28T13:33:19.691194,9
2025-08-28T13:33:19.752739,1
2025-08-28T13:33:19.752899,2
2025-08-28T13:33:19.753009,3
2025-08-28T13:33:19.753056,4
2025-08-28T13:33:19.753158,5
2025-08-28T13:33:19.753348,6
2025-08-28T13:33:19.753395,7
2025-08-28T13:33:19.753403,8
2025-08-28T13:33:19.753584,9
2025-08-28T13:33:19.753593,10
2025-08-28T13:33:19.794714,1
2025-08-28T13:33:19.794944,1
2025-08-28T13:33:19.795051,2
2025-08-28T13:33:19.795060,3
2025-08-28T13:33:19.795103,4
2025-08-28T13:33:19.795117,5
2025-08-28T13:33:19.795126,6
2025-08-28T13:33:19.795175,7
2025-08-28T13:33:19.795208,8
2025-08-28T13:33:19.795316,9
