process_timestamp,process_pid,process_process_name,process_cpu_percent,process_cpu_percent_per_core,process_logical_cpu_count,process_cpu_times_user,process_cpu_times_system,process_num_threads,system_timestamp,system_cpu_percent,system_cpu_percent_per_core,system_cpu_count,system_load_avg_1m
2025-07-21T11:08:07.091619,644716,pt_main_thread,86.6,2.70625,32,5.39,1.93,67,2025-07-21T11:08:07.193718,0.0,"[20.0, 0.0, 20.0, 0.0, 30.0, 0.0, 30.0, 9.1, 20.0, 0.0, 25.0, 30.0, 0.0, 54.5, 50.0, 33.3, 11.1, 10.0, 11.1, 10.0, 9.1, 10.0, 0.0, 0.0, 0.0, 20.0, 0.0, 30.0, 10.0, 10.0, 10.0, 10.0]",32,0.14990234375
2025-07-21T11:08:07.696063,644716,pt_main_thread,66.0,2.0625,32,5.76,1.97,67,2025-07-21T11:08:07.797998,16.9,"[30.0, 0.0, 0.0, 50.0, 0.0, 0.0, 63.6, 9.1, 33.3, 0.0, 10.0, 44.4, 0.0, 100.0, 50.0, 9.1, 20.0, 10.0, 10.0, 20.0, 10.0, 9.1, 0.0, 9.1, 10.0, 10.0, 10.0, 0.0, 10.0, 10.0, 20.0, 10.0]",32,0.14990234375
2025-07-21T11:08:08.298841,644716,pt_main_thread,64.7,2.021875,32,6.12,1.99,67,2025-07-21T11:08:08.399622,19.6,"[22.2, 0.0, 0.0, 0.0, 18.2, 0.0, 0.0, 100.0, 0.0, 100.0, 70.0, 0.0, 0.0, 40.0, 30.0, 70.0, 10.0, 10.0, 0.0, 9.1, 9.1, 10.0, 0.0, 10.0, 10.0, 18.2, 10.0, 10.0, 10.0, 9.1, 10.0, 0.0]",32,0.53857421875
2025-07-21T11:08:08.900869,644716,pt_main_thread,68.2,2.13125,32,6.51,2.01,67,2025-07-21T11:08:09.003470,17.6,"[11.1, 30.0, 10.0, 36.4, 36.4, 0.0, 22.2, 30.0, 44.4, 0.0, 55.6, 0.0, 9.1, 100.0, 50.0, 0.0, 10.0, 0.0, 10.0, 18.2, 10.0, 18.2, 9.1, 0.0, 10.0, 10.0, 9.1, 10.0, 10.0, 11.1, 0.0, 0.0]",32,0.53857421875
2025-07-21T11:08:09.503956,644716,pt_main_thread,66.2,2.06875,32,6.89,2.03,67,2025-07-21T11:08:09.607080,17.5,"[36.4, 0.0, 30.0, 0.0, 27.3, 0.0, 66.7, 0.0, 22.2, 0.0, 20.0, 70.0, 50.0, 10.0, 80.0, 0.0, 10.0, 0.0, 10.0, 10.0, 0.0, 0.0, 10.0, 9.1, 0.0, 0.0, 0.0, 0.0, 18.2, 18.2, 10.0, 0.0]",32,0.53857421875
2025-07-21T11:08:10.107941,644716,pt_main_thread,64.6,2.01875,32,7.26,2.05,67,2025-07-21T11:08:10.208705,19.2,"[11.1, 44.4, 0.0, 0.0, 0.0, 0.0, 0.0, 50.0, 11.1, 0.0, 0.0, 100.0, 0.0, 90.9, 9.1, 100.0, 20.0, 11.1, 16.7, 10.0, 0.0, 18.2, 9.1, 9.1, 11.1, 9.1, 0.0, 0.0, 10.0, 18.2, 16.7, 10.0]",32,0.53857421875
2025-07-21T11:08:10.708946,644716,pt_main_thread,66.5,2.078125,32,7.62,2.09,67,2025-07-21T11:08:10.811235,17.7,"[9.1, 36.4, 9.1, 20.0, 22.2, 0.0, 11.1, 0.0, 40.0, 0.0, 45.5, 40.0, 0.0, 100.0, 63.6, 0.0, 20.0, 10.0, 18.2, 10.0, 9.1, 16.7, 10.0, 18.2, 10.0, 11.1, 0.0, 0.0, 10.0, 10.0, 0.0, 9.1]",32,0.53857421875
2025-07-21T11:08:11.311789,644716,pt_main_thread,66.4,2.075,32,8.0,2.11,67,2025-07-21T11:08:11.412899,17.4,"[30.0, 0.0, 18.2, 0.0, 55.6, 0.0, 50.0, 18.2, 40.0, 30.0, 50.0, 0.0, 70.0, 0.0, 63.6, 0.0, 10.0, 18.2, 10.0, 20.0, 18.2, 10.0, 10.0, 9.1, 0.0, 0.0, 9.1, 20.0, 16.7, 10.0, 9.1, 10.0]",32,0.53857421875
2025-07-21T11:08:11.913499,644716,pt_main_thread,63.2,1.975,32,8.35,2.14,67,2025-07-21T11:08:12.014522,19.2,"[20.0, 45.5, 0.0, 45.5, 40.0, 0.0, 0.0, 10.0, 0.0, 0.0, 33.3, 0.0, 0.0, 100.0, 100.0, 0.0, 11.1, 20.0, 9.1, 10.0, 10.0, 10.0, 10.0, 10.0, 16.7, 9.1, 10.0, 9.1, 0.0, 0.0, 0.0, 0.0]",32,0.53857421875
2025-07-21T11:08:12.516538,644716,pt_main_thread,63.2,1.975,32,8.71,2.16,67,2025-07-21T11:08:12.617111,17.4,"[11.1, 10.0, 20.0, 50.0, 30.0, 0.0, 27.3, 0.0, 0.0, 60.0, 60.0, 0.0, 0.0, 81.8, 50.0, 0.0, 18.2, 10.0, 0.0, 10.0, 10.0, 9.1, 10.0, 10.0, 0.0, 0.0, 0.0, 10.0, 10.0, 10.0, 0.0, 0.0]",32,0.53857421875
2025-07-21T11:08:13.117563,644716,pt_main_thread,66.4,2.075,32,9.09,2.18,67,2025-07-21T11:08:13.218952,17.1,"[0.0, 36.4, 33.3, 0.0, 20.0, 30.0, 30.0, 0.0, 50.0, 0.0, 36.4, 0.0, 72.7, 0.0, 100.0, 0.0, 10.0, 18.2, 10.0, 10.0, 0.0, 11.1, 10.0, 10.0, 0.0, 0.0, 18.2, 16.7, 10.0, 18.2, 0.0, 11.1]",32,0.89599609375
2025-07-21T11:08:13.721589,644716,pt_main_thread,66.5,2.078125,32,9.46,2.21,67,2025-07-21T11:08:13.822869,19.0,"[0.0, 90.0, 10.0, 30.0, 10.0, 10.0, 18.2, 9.1, 33.3, 0.0, 33.3, 11.1, 10.0, 81.8, 30.0, 11.1, 10.0, 10.0, 0.0, 20.0, 10.0, 20.0, 0.0, 20.0, 0.0, 10.0, 0.0, 0.0, 22.2, 20.0, 20.0, 0.0]",32,0.89599609375
2025-07-21T11:08:14.323316,644716,pt_main_thread,69.5,2.171875,32,9.86,2.23,67,2025-07-21T11:08:14.424399,17.5,"[30.0, 20.0, 20.0, 0.0, 30.0, 0.0, 70.0, 0.0, 20.0, 0.0, 54.5, 0.0, 80.0, 9.1, 50.0, 50.0, 10.0, 10.0, 0.0, 0.0, 0.0, 0.0, 18.2, 10.0, 0.0, 10.0, 10.0, 0.0, 10.0, 0.0, 0.0, 0.0]",32,0.89599609375
2025-07-21T11:08:14.924874,644716,pt_main_thread,66.5,2.078125,32,10.23,2.26,67,2025-07-21T11:08:15.027405,17.5,"[20.0, 27.3, 22.2, 0.0, 20.0, 0.0, 10.0, 20.0, 0.0, 100.0, 20.0, 60.0, 80.0, 0.0, 70.0, 0.0, 10.0, 10.0, 9.1, 10.0, 0.0, 0.0, 18.2, 0.0, 18.2, 10.0, 9.1, 18.2, 0.0, 10.0, 10.0, 0.0]",32,0.89599609375
2025-07-21T11:08:15.528403,644716,pt_main_thread,64.6,2.01875,32,10.6,2.28,67,2025-07-21T11:08:15.629063,17.5,"[20.0, 27.3, 30.0, 0.0, 40.0, 0.0, 44.4, 10.0, 20.0, 36.4, 40.0, 0.0, 36.4, 18.2, 9.1, 90.9, 27.3, 10.0, 18.2, 10.0, 10.0, 0.0, 9.1, 18.2, 18.2, 0.0, 10.0, 9.1, 0.0, 10.0, 0.0, 0.0]",32,0.89599609375
2025-07-21T11:08:16.129439,644716,pt_main_thread,63.2,1.975,32,10.95,2.31,67,2025-07-21T11:08:16.230340,19.3,"[50.0, 0.0, 10.0, 9.1, 72.7, 0.0, 22.2, 0.0, 40.0, 0.0, 0.0, 90.0, 27.3, 0.0, 60.0, 22.2, 0.0, 11.1, 9.1, 18.2, 0.0, 11.1, 10.0, 0.0, 9.1, 9.1, 27.3, 10.0, 0.0, 10.0, 9.1, 0.0]",32,0.89599609375
2025-07-21T11:08:16.730716,644716,pt_main_thread,66.5,2.078125,32,11.32,2.34,67,2025-07-21T11:08:16.832792,17.2,"[20.0, 10.0, 20.0, 0.0, 40.0, 0.0, 40.0, 0.0, 50.0, 0.0, 66.7, 20.0, 30.0, 36.4, 27.3, 72.7, 10.0, 10.0, 20.0, 10.0, 10.0, 10.0, 10.0, 18.2, 0.0, 9.1, 0.0, 10.0, 0.0, 0.0, 9.1, 10.0]",32,0.89599609375
2025-07-21T11:08:17.333789,644716,pt_main_thread,68.0,2.125,32,11.7,2.37,67,2025-07-21T11:08:17.434881,17.4,"[33.3, 0.0, 0.0, 0.0, 50.0, 0.0, 0.0, 100.0, 60.0, 0.0, 0.0, 100.0, 22.2, 0.0, 50.0, 0.0, 18.2, 10.0, 0.0, 18.2, 0.0, 11.1, 10.0, 0.0, 9.1, 0.0, 9.1, 0.0, 9.1, 0.0, 18.2, 10.0]",32,0.89599609375
2025-07-21T11:08:17.935242,644716,pt_main_thread,69.8,2.18125,32,12.12,2.38,67,2025-07-21T11:08:18.036211,18.9,"[27.3, 0.0, 36.4, 0.0, 30.0, 0.0, 20.0, 0.0, 18.2, 60.0, 0.0, 100.0, 55.6, 0.0, 80.0, 0.0, 20.0, 10.0, 10.0, 10.0, 0.0, 18.2, 10.0, 9.1, 0.0, 20.0, 0.0, 10.0, 18.2, 0.0, 18.2, 16.7]",32,1.22509765625
2025-07-21T11:08:18.537226,644716,pt_main_thread,63.2,1.975,32,12.47,2.4,67,2025-07-21T11:08:18.638770,17.8,"[20.0, 9.1, 30.0, 0.0, 40.0, 0.0, 50.0, 0.0, 80.0, 0.0, 66.7, 0.0, 72.7, 0.0, 60.0, 0.0, 18.2, 10.0, 0.0, 10.0, 10.0, 16.7, 10.0, 10.0, 18.2, 10.0, 0.0, 0.0, 9.1, 0.0, 9.1, 10.0]",32,1.22509765625
2025-07-21T11:08:19.139665,644716,pt_main_thread,71.4,2.23125,32,12.87,2.43,67,2025-07-21T11:08:19.240739,17.3,"[18.2, 0.0, 0.0, 0.0, 0.0, 30.0, 36.4, 0.0, 33.3, 0.0, 0.0, 100.0, 0.0, 100.0, 0.0, 100.0, 10.0, 10.0, 10.0, 9.1, 0.0, 0.0, 11.1, 10.0, 18.2, 0.0, 0.0, 10.0, 0.0, 9.1, 10.0, 0.0]",32,1.22509765625
2025-07-21T11:08:19.742766,644716,pt_main_thread,61.4,1.91875,32,13.22,2.45,67,2025-07-21T11:08:19.843781,19.1,"[30.0, 0.0, 11.1, 36.4, 10.0, 0.0, 30.0, 0.0, 40.0, 0.0, 60.0, 0.0, 0.0, 100.0, 90.0, 0.0, 27.3, 10.0, 9.1, 0.0, 9.1, 0.0, 16.7, 10.0, 9.1, 9.1, 18.2, 10.0, 20.0, 18.2, 0.0, 10.0]",32,1.22509765625
2025-07-21T11:08:20.343988,644716,pt_main_thread,63.2,1.975,32,13.57,2.48,67,2025-07-21T11:08:20.449629,17.8,"[27.3, 18.2, 10.0, 10.0, 10.0, 18.2, 54.5, 0.0, 45.5, 0.0, 10.0, 9.1, 36.4, 11.1, 54.5, 36.4, 10.0, 10.0, 0.0, 16.7, 0.0, 18.2, 0.0, 10.0, 0.0, 0.0, 8.3, 0.0, 9.1, 18.2, 10.0, 0.0]",32,1.22509765625
2025-07-21T11:08:20.949896,644716,pt_main_thread,74.3,2.321875,32,13.99,2.51,67,2025-07-21T11:08:21.050584,16.9,"[0.0, 70.0, 0.0, 66.7, 30.0, 0.0, 10.0, 10.0, 0.0, 11.1, 18.2, 0.0, 70.0, 9.1, 0.0, 100.0, 10.0, 0.0, 16.7, 10.0, 10.0, 20.0, 10.0, 10.0, 16.7, 0.0, 18.2, 9.1, 10.0, 11.1, 10.0, 11.1]",32,1.22509765625
2025-07-21T11:08:21.551029,644716,pt_main_thread,64.9,2.028125,32,14.36,2.53,67,2025-07-21T11:08:21.658459,19.4,"[18.2, 0.0, 18.2, 0.0, 9.1, 9.1, 20.0, 0.0, 0.0, 90.9, 100.0, 0.0, 75.0, 0.0, 36.4, 60.0, 0.0, 9.1, 9.1, 10.0, 0.0, 9.1, 9.1, 0.0, 10.0, 10.0, 9.1, 0.0, 9.1, 10.0, 9.1, 0.0]",32,1.22509765625
2025-07-21T11:08:22.159702,644716,pt_main_thread,67.4,2.10625,32,14.75,2.55,67,2025-07-21T11:08:22.262131,17.0,"[10.0, 0.0, 20.0, 36.4, 36.4, 0.0, 80.0, 0.0, 20.0, 0.0, 22.2, 30.0, 55.6, 0.0, 0.0, 100.0, 10.0, 0.0, 10.0, 18.2, 10.0, 9.1, 0.0, 0.0, 0.0, 10.0, 10.0, 10.0, 10.0, 10.0, 0.0, 10.0]",32,1.22509765625
2025-07-21T11:08:22.763919,644716,pt_main_thread,66.2,2.06875,32,15.13,2.57,67,2025-07-21T11:08:22.865231,17.3,"[44.4, 10.0, 22.2, 0.0, 44.4, 0.0, 30.0, 0.0, 40.0, 0.0, 50.0, 0.0, 33.3, 30.0, 90.0, 0.0, 10.0, 18.2, 11.1, 18.2, 11.1, 10.0, 9.1, 0.0, 9.1, 0.0, 0.0, 0.0, 0.0, 0.0, 30.0, 10.0]",32,1.22509765625
2025-07-21T11:08:23.366512,644716,pt_main_thread,64.7,2.021875,32,15.49,2.6,67,2025-07-21T11:08:23.467263,18.8,"[22.2, 10.0, 27.3, 0.0, 30.0, 0.0, 40.0, 0.0, 20.0, 81.8, 40.0, 0.0, 30.0, 40.0, 70.0, 0.0, 11.1, 10.0, 9.1, 10.0, 10.0, 0.0, 10.0, 18.2, 18.2, 18.2, 11.1, 0.0, 11.1, 0.0, 10.0, 0.0]",32,1.68798828125
2025-07-21T11:08:23.969253,644716,pt_main_thread,64.7,2.021875,32,15.85,2.63,67,2025-07-21T11:08:24.070013,17.6,"[18.2, 18.2, 10.0, 9.1, 20.0, 60.0, 0.0, 100.0, 0.0, 100.0, 36.4, 0.0, 90.0, 0.0, 9.1, 30.0, 10.0, 10.0, 10.0, 0.0, 9.1, 10.0, 10.0, 10.0, 18.2, 0.0, 0.0, 10.0, 0.0, 0.0, 10.0, 0.0]",32,1.68798828125
2025-07-21T11:08:24.570900,644716,pt_main_thread,64.8,2.025,32,16.21,2.66,67,2025-07-21T11:08:24.671683,17.4,"[10.0, 0.0, 0.0, 0.0, 20.0, 0.0, 72.7, 0.0, 0.0, 100.0, 90.0, 0.0, 20.0, 10.0, 0.0, 100.0, 10.0, 9.1, 0.0, 9.1, 0.0, 11.1, 10.0, 9.1, 0.0, 0.0, 10.0, 0.0, 9.1, 9.1, 0.0, 10.0]",32,1.68798828125
2025-07-21T11:08:25.172491,644716,pt_main_thread,64.8,2.025,32,16.57,2.69,67,2025-07-21T11:08:25.272976,19.6,"[0.0, 20.0, 10.0, 72.7, 0.0, 0.0, 33.3, 0.0, 60.0, 0.0, 10.0, 0.0, 100.0, 0.0, 100.0, 0.0, 10.0, 10.0, 11.1, 0.0, 16.7, 10.0, 10.0, 0.0, 0.0, 10.0, 0.0, 0.0, 0.0, 0.0, 9.1, 10.0]",32,1.68798828125
2025-07-21T11:08:25.773199,644716,pt_main_thread,63.2,1.975,32,16.93,2.71,67,2025-07-21T11:08:25.873729,17.2,"[11.1, 40.0, 20.0, 0.0, 45.5, 0.0, 50.0, 0.0, 54.5, 0.0, 50.0, 0.0, 40.0, 0.0, 54.5, 33.3, 18.2, 20.0, 10.0, 18.2, 10.0, 0.0, 0.0, 0.0, 10.0, 0.0, 0.0, 0.0, 10.0, 10.0, 10.0, 10.0]",32,1.68798828125
2025-07-21T11:08:26.375972,644716,pt_main_thread,64.7,2.021875,32,17.29,2.74,67,2025-07-21T11:08:26.476937,17.3,"[10.0, 72.7, 18.2, 20.0, 9.1, 0.0, 0.0, 0.0, 11.1, 0.0, 0.0, 100.0, 0.0, 100.0, 100.0, 0.0, 10.0, 16.7, 10.0, 9.1, 0.0, 0.0, 0.0, 10.0, 9.1, 0.0, 9.1, 11.1, 10.0, 20.0, 0.0, 16.7]",32,1.68798828125
2025-07-21T11:08:26.977155,644716,pt_main_thread,64.8,2.025,32,17.65,2.77,67,2025-07-21T11:08:27.077756,19.3,"[22.2, 10.0, 11.1, 0.0, 9.1, 80.0, 9.1, 88.9, 10.0, 0.0, 10.0, 0.0, 50.0, 0.0, 0.0, 88.9, 10.0, 10.0, 9.1, 11.1, 0.0, 10.0, 11.1, 10.0, 0.0, 0.0, 0.0, 0.0, 10.0, 11.1, 0.0, 10.0]",32,1.68798828125
2025-07-21T11:08:27.577994,644716,pt_main_thread,68.2,2.13125,32,18.05,2.78,67,2025-07-21T11:08:27.680377,16.8,"[27.3, 30.0, 0.0, 0.0, 10.0, 20.0, 30.0, 0.0, 27.3, 0.0, 80.0, 0.0, 0.0, 100.0, 70.0, 20.0, 10.0, 9.1, 0.0, 9.1, 0.0, 10.0, 10.0, 18.2, 10.0, 0.0, 0.0, 10.0, 0.0, 9.1, 10.0, 9.1]",32,1.68798828125
2025-07-21T11:08:28.180720,644716,pt_main_thread,66.4,2.075,32,18.42,2.81,67,2025-07-21T11:08:28.283805,17.4,"[22.2, 10.0, 40.0, 0.0, 27.3, 0.0, 40.0, 20.0, 11.1, 20.0, 10.0, 50.0, 72.7, 0.0, 0.0, 90.0, 20.0, 10.0, 10.0, 10.0, 9.1, 10.0, 0.0, 9.1, 0.0, 10.0, 10.0, 10.0, 0.0, 9.1, 18.2, 10.0]",32,1.95361328125
2025-07-21T11:08:28.786519,644716,pt_main_thread,63.0,1.96875,32,18.78,2.83,67,2025-07-21T11:08:28.887484,18.5,"[10.0, 20.0, 33.3, 27.3, 30.0, 60.0, 44.4, 0.0, 33.3, 0.0, 12.5, 0.0, 9.1, 90.9, 0.0, 90.0, 0.0, 25.0, 10.0, 0.0, 0.0, 10.0, 10.0, 0.0, 0.0, 11.1, 20.0, 0.0, 10.0, 18.2, 27.3, 10.0]",32,1.95361328125
2025-07-21T11:08:29.389784,644716,pt_main_thread,62.9,1.965625,32,19.14,2.85,67,2025-07-21T11:08:29.490882,18.2,"[22.2, 10.0, 36.4, 0.0, 27.3, 0.0, 10.0, 40.0, 30.0, 0.0, 45.5, 0.0, 9.1, 100.0, 0.0, 90.0, 11.1, 11.1, 18.2, 9.1, 0.0, 20.0, 18.2, 10.0, 10.0, 10.0, 9.1, 0.0, 18.2, 10.0, 10.0, 9.1]",32,1.95361328125
2025-07-21T11:08:29.993190,644716,pt_main_thread,64.5,2.015625,32,19.5,2.88,67,2025-07-21T11:08:30.094234,17.3,"[10.0, 88.9, 30.0, 0.0, 40.0, 0.0, 36.4, 0.0, 20.0, 0.0, 50.0, 0.0, 22.2, 80.0, 0.0, 100.0, 20.0, 10.0, 0.0, 10.0, 0.0, 18.2, 11.1, 18.2, 18.2, 10.0, 10.0, 16.7, 9.1, 0.0, 9.1, 9.1]",32,1.95361328125
2025-07-21T11:08:30.594492,644716,pt_main_thread,66.5,2.078125,32,19.87,2.91,67,2025-07-21T11:08:30.695695,17.7,"[12.5, 18.2, 11.1, 20.0, 10.0, 22.2, 10.0, 80.0, 9.1, 81.8, 18.2, 20.0, 10.0, 90.0, 0.0, 100.0, 11.1, 10.0, 18.2, 10.0, 18.2, 10.0, 18.2, 18.2, 30.0, 10.0, 18.2, 30.0, 30.0, 10.0, 20.0, 20.0]",32,1.95361328125
2025-07-21T11:08:31.196606,644716,pt_main_thread,64.8,2.025,32,20.24,2.93,67,2025-07-21T11:08:31.297388,19.0,"[10.0, 20.0, 0.0, 9.1, 50.0, 0.0, 20.0, 10.0, 70.0, 20.0, 54.5, 10.0, 36.4, 10.0, 50.0, 50.0, 18.2, 20.0, 27.3, 11.1, 0.0, 0.0, 10.0, 10.0, 0.0, 10.0, 0.0, 0.0, 0.0, 10.0, 9.1, 0.0]",32,1.95361328125
2025-07-21T11:08:31.798347,644716,pt_main_thread,64.8,2.025,32,20.6,2.96,67,2025-07-21T11:08:31.899082,17.5,"[0.0, 0.0, 0.0, 0.0, 22.2, 0.0, 77.8, 0.0, 0.0, 90.9, 77.8, 0.0, 77.8, 0.0, 30.0, 0.0, 18.2, 20.0, 10.0, 18.2, 11.1, 20.0, 16.7, 0.0, 9.1, 10.0, 20.0, 9.1, 0.0, 0.0, 10.0, 10.0]",32,1.95361328125
2025-07-21T11:08:32.399315,644716,pt_main_thread,61.5,1.921875,32,20.94,2.99,67,2025-07-21T11:08:32.501687,17.3,"[18.2, 10.0, 22.2, 60.0, 0.0, 0.0, 33.3, 0.0, 36.4, 0.0, 0.0, 90.9, 30.0, 40.0, 60.0, 0.0, 10.0, 18.2, 11.1, 18.2, 18.2, 10.0, 18.2, 20.0, 10.0, 0.0, 10.0, 10.0, 0.0, 11.1, 10.0, 10.0]",32,1.95361328125
2025-07-21T11:08:33.004172,644716,pt_main_thread,61.2,1.9125,32,21.29,3.01,67,2025-07-21T11:08:33.104880,18.6,"[11.1, 30.0, 20.0, 18.2, 33.3, 0.0, 27.3, 0.0, 55.6, 0.0, 88.9, 10.0, 63.6, 0.0, 50.0, 44.4, 27.3, 10.0, 10.0, 10.0, 10.0, 0.0, 10.0, 0.0, 11.1, 9.1, 0.0, 9.1, 0.0, 9.1, 9.1, 9.1]",32,2.35791015625
2025-07-21T11:08:33.608022,644716,pt_main_thread,66.4,2.075,32,21.66,3.04,67,2025-07-21T11:08:33.709249,17.7,"[0.0, 0.0, 20.0, 0.0, 18.2, 50.0, 10.0, 70.0, 66.7, 0.0, 45.5, 0.0, 45.5, 0.0, 0.0, 100.0, 10.0, 18.2, 0.0, 10.0, 0.0, 10.0, 0.0, 0.0, 0.0, 0.0, 11.1, 10.0, 10.0, 20.0, 0.0, 0.0]",32,2.35791015625
2025-07-21T11:08:34.209636,644716,pt_main_thread,64.6,2.01875,32,22.03,3.06,67,2025-07-21T11:08:34.312329,17.0,"[0.0, 10.0, 20.0, 77.8, 33.3, 36.4, 50.0, 0.0, 10.0, 0.0, 10.0, 10.0, 70.0, 0.0, 0.0, 100.0, 0.0, 10.0, 0.0, 9.1, 9.1, 10.0, 9.1, 10.0, 9.1, 0.0, 0.0, 0.0, 0.0, 0.0, 18.2, 10.0]",32,2.35791015625
2025-07-21T11:08:34.812788,644716,pt_main_thread,63.0,1.96875,32,22.38,3.09,67,2025-07-21T11:08:34.915297,19.1,"[22.2, 30.0, 22.2, 0.0, 0.0, 0.0, 0.0, 100.0, 10.0, 40.0, 40.0, 9.1, 10.0, 55.6, 0.0, 81.8, 20.0, 18.2, 18.2, 10.0, 9.1, 10.0, 0.0, 0.0, 10.0, 9.1, 9.1, 10.0, 10.0, 16.7, 11.1, 10.0]",32,2.35791015625
2025-07-21T11:08:35.417108,644716,pt_main_thread,71.2,2.225,32,22.79,3.11,67,2025-07-21T11:08:35.517923,17.7,"[0.0, 90.0, 11.1, 0.0, 0.0, 0.0, 9.1, 80.0, 30.0, 0.0, 0.0, 100.0, 100.0, 0.0, 20.0, 0.0, 10.0, 0.0, 0.0, 10.0, 0.0, 0.0, 11.1, 0.0, 10.0, 9.1, 10.0, 9.1, 10.0, 10.0, 9.1, 0.0]",32,2.35791015625
2025-07-21T11:08:36.018324,644716,pt_main_thread,66.5,2.078125,32,23.17,3.13,67,2025-07-21T11:08:36.120593,17.5,"[0.0, 9.1, 27.3, 54.5, 36.4, 0.0, 36.4, 0.0, 80.0, 0.0, 60.0, 0.0, 33.3, 0.0, 90.0, 18.2, 18.2, 0.0, 9.1, 10.0, 0.0, 0.0, 9.1, 0.0, 10.0, 16.7, 10.0, 10.0, 9.1, 10.0, 10.0, 10.0]",32,2.35791015625
2025-07-21T11:08:36.620773,644716,pt_main_thread,69.7,2.178125,32,23.57,3.15,67,2025-07-21T11:08:36.721247,18.5,"[20.0, 10.0, 11.1, 0.0, 25.0, 0.0, 0.0, 0.0, 0.0, 100.0, 0.0, 90.9, 66.7, 0.0, 60.0, 0.0, 10.0, 10.0, 0.0, 0.0, 0.0, 9.1, 18.2, 11.1, 0.0, 10.0, 18.2, 9.1, 10.0, 10.0, 10.0, 10.0]",32,2.35791015625
2025-07-21T11:08:37.221816,644716,pt_main_thread,63.3,1.978125,32,23.93,3.17,67,2025-07-21T11:08:37.322813,17.4,"[10.0, 0.0, 55.6, 10.0, 20.0, 0.0, 33.3, 0.0, 30.0, 0.0, 60.0, 0.0, 20.0, 70.0, 45.5, 40.0, 18.2, 0.0, 20.0, 10.0, 10.0, 10.0, 0.0, 10.0, 10.0, 9.1, 30.0, 10.0, 0.0, 18.2, 9.1, 20.0]",32,2.35791015625
2025-07-21T11:08:37.823034,644716,pt_main_thread,63.2,1.975,32,24.28,3.2,67,2025-07-21T11:08:37.925277,17.6,"[10.0, 40.0, 36.4, 0.0, 22.2, 0.0, 54.5, 0.0, 70.0, 0.0, 70.0, 0.0, 20.0, 36.4, 55.6, 0.0, 18.2, 10.0, 10.0, 10.0, 10.0, 10.0, 10.0, 16.7, 10.0, 0.0, 10.0, 9.1, 20.0, 18.2, 9.1, 9.1]",32,2.72998046875
2025-07-21T11:08:38.425910,644716,pt_main_thread,63.0,1.96875,32,24.64,3.22,67,2025-07-21T11:08:38.527540,19.1,"[18.2, 0.0, 0.0, 81.8, 0.0, 36.4, 11.1, 9.1, 30.0, 0.0, 0.0, 100.0, 0.0, 100.0, 44.4, 10.0, 0.0, 18.2, 10.0, 10.0, 0.0, 9.1, 27.3, 18.2, 10.0, 10.0, 18.2, 10.0, 10.0, 10.0, 9.1, 0.0]",32,2.72998046875
2025-07-21T11:08:39.027812,644716,pt_main_thread,61.5,1.921875,32,24.99,3.24,67,2025-07-21T11:08:39.128453,17.7,"[0.0, 20.0, 36.4, 60.0, 10.0, 0.0, 18.2, 0.0, 18.2, 9.1, 0.0, 100.0, 50.0, 30.0, 0.0, 100.0, 10.0, 0.0, 18.2, 10.0, 9.1, 9.1, 10.0, 0.0, 0.0, 0.0, 0.0, 0.0, 18.2, 9.1, 0.0, 0.0]",32,2.72998046875
2025-07-21T11:08:39.630138,644716,pt_main_thread,66.5,2.078125,32,25.36,3.27,67,2025-07-21T11:08:39.731859,17.1,"[18.2, 81.8, 0.0, 0.0, 10.0, 16.7, 0.0, 0.0, 0.0, 100.0, 9.1, 0.0, 0.0, 100.0, 0.0, 100.0, 0.0, 10.0, 20.0, 18.2, 9.1, 10.0, 9.1, 0.0, 10.0, 10.0, 0.0, 0.0, 18.2, 0.0, 0.0, 0.0]",32,2.72998046875
2025-07-21T11:08:40.232113,644716,pt_main_thread,63.1,1.971875,32,25.71,3.3,67,2025-07-21T11:08:40.332645,18.1,"[36.4, 22.2, 0.0, 50.0, 20.0, 54.5, 11.1, 0.0, 40.0, 0.0, 22.2, 0.0, 50.0, 33.3, 72.7, 0.0, 11.1, 11.1, 20.0, 10.0, 20.0, 0.0, 10.0, 0.0, 0.0, 9.1, 18.2, 0.0, 9.1, 10.0, 10.0, 0.0]",32,2.72998046875
2025-07-21T11:08:40.833123,644716,pt_main_thread,66.6,2.08125,32,26.09,3.32,67,2025-07-21T11:08:40.935248,18.5,"[10.0, 10.0, 11.1, 40.0, 60.0, 0.0, 33.3, 0.0, 45.5, 0.0, 66.7, 0.0, 77.8, 9.1, 9.1, 100.0, 10.0, 10.0, 11.1, 10.0, 10.0, 10.0, 9.1, 10.0, 10.0, 10.0, 10.0, 10.0, 10.0, 18.2, 9.1, 10.0]",32,2.72998046875
2025-07-21T11:08:41.435668,644716,pt_main_thread,64.7,2.021875,32,26.45,3.35,67,2025-07-21T11:08:41.536151,17.3,"[45.5, 0.0, 36.4, 0.0, 18.2, 0.0, 66.7, 11.1, 9.1, 90.9, 20.0, 10.0, 50.0, 0.0, 66.7, 0.0, 10.0, 25.0, 0.0, 10.0, 20.0, 9.1, 0.0, 0.0, 10.0, 10.0, 10.0, 10.0, 9.1, 0.0, 0.0, 10.0]",32,2.72998046875
2025-07-21T11:08:42.036373,644716,pt_main_thread,66.6,2.08125,32,26.83,3.37,67,2025-07-21T11:08:42.137794,17.3,"[10.0, 0.0, 0.0, 18.2, 20.0, 0.0, 11.1, 27.3, 88.9, 0.0, 50.0, 55.6, 80.0, 0.0, 72.7, 0.0, 10.0, 18.2, 10.0, 0.0, 9.1, 9.1, 18.2, 0.0, 9.1, 10.0, 10.0, 0.0, 0.0, 10.0, 10.0, 18.2]",32,2.72998046875
2025-07-21T11:08:42.638083,644716,pt_main_thread,64.8,2.025,32,27.2,3.39,67,2025-07-21T11:08:42.739499,18.4,"[11.1, 0.0, 10.0, 0.0, 30.0, 0.0, 30.0, 60.0, 0.0, 80.0, 40.0, 0.0, 36.4, 30.0, 0.0, 100.0, 0.0, 9.1, 10.0, 9.1, 9.1, 9.1, 0.0, 0.0, 18.2, 10.0, 9.1, 18.2, 0.0, 0.0, 10.0, 18.2]",32,2.72998046875
2025-07-21T11:08:43.241196,644716,pt_main_thread,64.7,2.021875,32,27.56,3.43,67,2025-07-21T11:08:43.341820,17.5,"[11.1, 10.0, 0.0, 90.0, 20.0, 36.4, 20.0, 0.0, 44.4, 40.0, 20.0, 0.0, 33.3, 0.0, 0.0, 90.9, 10.0, 18.2, 10.0, 10.0, 10.0, 10.0, 10.0, 11.1, 11.1, 10.0, 9.1, 10.0, 10.0, 0.0, 9.1, 0.0]",32,3.15234375
2025-07-21T11:08:43.842398,644716,pt_main_thread,63.2,1.975,32,27.91,3.45,67,2025-07-21T11:08:43.942907,17.4,"[20.0, 9.1, 30.0, 0.0, 50.0, 0.0, 80.0, 0.0, 0.0, 100.0, 70.0, 10.0, 0.0, 11.1, 44.4, 0.0, 11.1, 9.1, 20.0, 10.0, 10.0, 9.1, 0.0, 18.2, 10.0, 9.1, 10.0, 18.2, 0.0, 9.1, 0.0, 10.0]",32,3.15234375
2025-07-21T11:08:44.443412,644716,pt_main_thread,64.9,2.028125,32,28.28,3.47,67,2025-07-21T11:08:44.544255,18.0,"[20.0, 20.0, 11.1, 20.0, 0.0, 45.5, 27.3, 22.2, 55.6, 30.0, 0.0, 80.0, 10.0, 80.0, 70.0, 30.0, 10.0, 11.1, 20.0, 10.0, 11.1, 0.0, 10.0, 10.0, 11.1, 22.2, 20.0, 11.1, 20.0, 22.2, 27.3, 10.0]",32,3.15234375
2025-07-21T11:08:45.046174,644716,pt_main_thread,63.1,1.971875,32,28.63,3.5,67,2025-07-21T11:08:45.146976,18.6,"[0.0, 63.6, 20.0, 0.0, 22.2, 0.0, 0.0, 72.7, 30.0, 20.0, 10.0, 0.0, 70.0, 18.2, 0.0, 100.0, 11.1, 0.0, 10.0, 10.0, 10.0, 10.0, 10.0, 10.0, 0.0, 0.0, 0.0, 10.0, 10.0, 10.0, 10.0, 9.1]",32,3.15234375
2025-07-21T11:08:45.653412,644716,pt_main_thread,63.1,1.971875,32,28.98,3.53,67,2025-07-21T11:08:45.754528,17.7,"[30.0, 0.0, 0.0, 0.0, 10.0, 0.0, 9.1, 90.9, 10.0, 54.5, 0.0, 0.0, 9.1, 90.0, 0.0, 100.0, 18.2, 11.1, 0.0, 18.2, 10.0, 18.2, 0.0, 10.0, 0.0, 9.1, 10.0, 0.0, 16.7, 0.0, 11.1, 9.1]",32,3.15234375
2025-07-21T11:08:46.254769,644716,pt_main_thread,60.9,1.903125,32,29.33,3.55,67,2025-07-21T11:08:46.355631,17.4,"[0.0, 0.0, 27.3, 0.0, 30.0, 0.0, 70.0, 0.0, 90.0, 0.0, 80.0, 0.0, 72.7, 0.0, 22.2, 40.0, 20.0, 10.0, 10.0, 0.0, 10.0, 10.0, 11.1, 9.1, 0.0, 9.1, 10.0, 10.0, 9.1, 0.0, 11.1, 10.0]",32,3.15234375
2025-07-21T11:08:46.855881,644716,pt_main_thread,63.2,1.975,32,29.68,3.58,67,2025-07-21T11:08:46.956552,19.0,"[10.0, 0.0, 0.0, 0.0, 10.0, 20.0, 11.1, 20.0, 60.0, 0.0, 0.0, 100.0, 20.0, 54.5, 30.0, 60.0, 20.0, 10.0, 0.0, 0.0, 10.0, 10.0, 10.0, 10.0, 10.0, 20.0, 0.0, 0.0, 10.0, 0.0, 10.0, 0.0]",32,3.15234375
2025-07-21T11:08:47.456962,644716,pt_main_thread,61.6,1.925,32,30.03,3.6,67,2025-07-21T11:08:47.557558,17.4,"[10.0, 0.0, 10.0, 0.0, 0.0, 100.0, 40.0, 0.0, 0.0, 100.0, 80.0, 0.0, 55.6, 0.0, 44.4, 0.0, 18.2, 9.1, 10.0, 18.2, 10.0, 10.0, 0.0, 9.1, 10.0, 10.0, 0.0, 0.0, 18.2, 9.1, 0.0, 11.1]",32,3.15234375
2025-07-21T11:08:48.058249,644716,pt_main_thread,63.2,1.975,32,30.38,3.63,67,2025-07-21T11:08:48.158753,17.5,"[0.0, 80.0, 22.2, 0.0, 0.0, 27.3, 0.0, 0.0, 63.6, 0.0, 80.0, 0.0, 30.0, 0.0, 70.0, 11.1, 10.0, 10.0, 10.0, 18.2, 11.1, 0.0, 16.7, 0.0, 11.1, 0.0, 18.2, 0.0, 10.0, 18.2, 0.0, 10.0]",32,3.380859375
2025-07-21T11:08:48.659520,644716,pt_main_thread,64.9,2.028125,32,30.74,3.66,67,2025-07-21T11:08:48.761579,19.0,"[20.0, 0.0, 20.0, 55.6, 40.0, 0.0, 0.0, 90.9, 10.0, 9.1, 20.0, 0.0, 40.0, 22.2, 33.3, 44.4, 0.0, 10.0, 10.0, 10.0, 0.0, 0.0, 10.0, 10.0, 0.0, 10.0, 0.0, 0.0, 10.0, 10.0, 20.0, 9.1]",32,3.380859375
2025-07-21T11:08:49.261951,644716,pt_main_thread,63.0,1.96875,32,31.1,3.68,67,2025-07-21T11:08:49.362435,17.3,"[10.0, 10.0, 11.1, 0.0, 30.0, 0.0, 70.0, 0.0, 70.0, 0.0, 44.4, 0.0, 50.0, 0.0, 20.0, 88.9, 20.0, 10.0, 10.0, 20.0, 10.0, 10.0, 0.0, 10.0, 0.0, 10.0, 10.0, 10.0, 0.0, 10.0, 0.0, 0.0]",32,3.380859375
2025-07-21T11:08:49.862673,644716,pt_main_thread,64.9,2.028125,32,31.46,3.71,67,2025-07-21T11:08:49.964589,17.8,"[27.3, 54.5, 20.0, 10.0, 18.2, 70.0, 40.0, 0.0, 20.0, 90.0, 20.0, 0.0, 55.6, 10.0, 22.2, 9.1, 18.2, 10.0, 18.2, 10.0, 10.0, 0.0, 0.0, 10.0, 16.7, 16.7, 9.1, 10.0, 10.0, 0.0, 10.0, 10.0]",32,3.380859375
2025-07-21T11:08:50.464890,644716,pt_main_thread,63.1,1.971875,32,31.82,3.73,67,2025-07-21T11:08:50.565769,18.9,"[22.2, 0.0, 40.0, 0.0, 10.0, 0.0, 44.4, 0.0, 60.0, 0.0, 50.0, 20.0, 0.0, 100.0, 55.6, 0.0, 11.1, 20.0, 10.0, 0.0, 10.0, 18.2, 20.0, 10.0, 10.0, 0.0, 10.0, 20.0, 10.0, 0.0, 0.0, 11.1]",32,3.380859375
2025-07-21T11:08:51.066069,644716,pt_main_thread,66.5,2.078125,32,32.2,3.75,67,2025-07-21T11:08:51.166875,17.4,"[20.0, 0.0, 11.1, 18.2, 10.0, 0.0, 11.1, 0.0, 18.2, 66.7, 66.7, 0.0, 30.0, 70.0, 81.8, 0.0, 18.2, 10.0, 0.0, 10.0, 18.2, 18.2, 0.0, 10.0, 0.0, 10.0, 11.1, 11.1, 0.0, 11.1, 0.0, 10.0]",32,3.380859375
2025-07-21T11:08:51.667886,644716,pt_main_thread,69.8,2.18125,32,32.59,3.78,67,2025-07-21T11:08:51.770375,17.2,"[11.1, 10.0, 18.2, 0.0, 27.3, 0.0, 10.0, 81.8, 11.1, 0.0, 10.0, 100.0, 45.5, 0.0, 0.0, 100.0, 10.0, 11.1, 0.0, 10.0, 10.0, 10.0, 18.2, 18.2, 9.1, 0.0, 10.0, 0.0, 0.0, 9.1, 0.0, 0.0]",32,3.380859375
2025-07-21T11:08:52.270733,644716,pt_main_thread,61.4,1.91875,32,32.94,3.8,67,2025-07-21T11:08:52.371890,18.0,"[0.0, 72.7, 30.0, 0.0, 18.2, 20.0, 33.3, 20.0, 20.0, 27.3, 0.0, 90.0, 22.2, 20.0, 0.0, 90.0, 10.0, 9.1, 10.0, 20.0, 11.1, 0.0, 10.0, 22.2, 27.3, 11.1, 20.0, 10.0, 22.2, 10.0, 20.0, 18.2]",32,3.380859375
2025-07-21T11:08:52.873679,644716,pt_main_thread,64.7,2.021875,32,33.3,3.83,67,2025-07-21T11:08:52.975190,18.3,"[30.0, 0.0, 11.1, 0.0, 45.5, 10.0, 0.0, 100.0, 60.0, 0.0, 11.1, 40.0, 30.0, 18.2, 54.5, 0.0, 18.2, 10.0, 18.2, 10.0, 0.0, 0.0, 0.0, 9.1, 10.0, 10.0, 0.0, 9.1, 11.1, 0.0, 0.0, 20.0]",32,3.5107421875
2025-07-21T11:08:53.475958,644716,pt_main_thread,63.1,1.971875,32,33.66,3.85,67,2025-07-21T11:08:53.579026,16.9,"[0.0, 30.0, 10.0, 20.0, 20.0, 50.0, 0.0, 0.0, 22.2, 0.0, 0.0, 100.0, 70.0, 0.0, 54.5, 0.0, 20.0, 10.0, 10.0, 10.0, 0.0, 10.0, 18.2, 18.2, 10.0, 9.1, 0.0, 0.0, 18.2, 9.1, 10.0, 0.0]",32,3.5107421875
2025-07-21T11:08:54.079450,644716,pt_main_thread,63.0,1.96875,32,34.02,3.87,67,2025-07-21T11:08:54.180114,17.7,"[20.0, 0.0, 20.0, 20.0, 9.1, 30.0, 0.0, 100.0, 22.2, 10.0, 30.0, 0.0, 9.1, 90.9, 70.0, 10.0, 10.0, 11.1, 10.0, 0.0, 0.0, 11.1, 25.0, 10.0, 25.0, 20.0, 11.1, 10.0, 0.0, 27.3, 10.0, 0.0]",32,3.5107421875
2025-07-21T11:08:54.681210,644716,pt_main_thread,61.6,1.925,32,34.36,3.9,67,2025-07-21T11:08:54.785230,19.5,"[45.5, 20.0, 30.0, 0.0, 27.3, 0.0, 30.0, 0.0, 30.0, 30.0, 18.2, 0.0, 18.2, 60.0, 30.0, 70.0, 10.0, 20.0, 25.0, 9.1, 9.1, 10.0, 0.0, 0.0, 9.1, 11.1, 10.0, 18.2, 10.0, 10.0, 9.1, 0.0]",32,3.5107421875
2025-07-21T11:08:55.286430,644716,pt_main_thread,62.8,1.9625,32,34.72,3.92,67,2025-07-21T11:08:55.387354,17.9,"[10.0, 0.0, 10.0, 0.0, 10.0, 0.0, 20.0, 55.6, 22.2, 0.0, 9.1, 100.0, 70.0, 0.0, 0.0, 100.0, 0.0, 10.0, 9.1, 9.1, 9.1, 10.0, 0.0, 10.0, 10.0, 10.0, 10.0, 11.1, 16.7, 10.0, 9.1, 0.0]",32,3.5107421875
2025-07-21T11:08:55.889766,644716,pt_main_thread,64.6,2.01875,32,35.08,3.95,67,2025-07-21T11:08:55.990633,17.0,"[18.2, 40.0, 22.2, 0.0, 0.0, 0.0, 0.0, 88.9, 66.7, 0.0, 30.0, 0.0, 60.0, 0.0, 9.1, 100.0, 11.1, 10.0, 0.0, 0.0, 10.0, 10.0, 0.0, 10.0, 18.2, 0.0, 10.0, 0.0, 9.1, 16.7, 0.0, 0.0]",32,3.5107421875
2025-07-21T11:08:56.493732,644716,pt_main_thread,62.9,1.965625,32,35.44,3.97,67,2025-07-21T11:08:56.594720,19.2,"[0.0, 30.0, 10.0, 0.0, 10.0, 0.0, 40.0, 0.0, 40.0, 20.0, 40.0, 50.0, 0.0, 90.9, 70.0, 0.0, 27.3, 10.0, 10.0, 10.0, 16.7, 9.1, 11.1, 16.7, 0.0, 10.0, 0.0, 9.1, 10.0, 0.0, 18.2, 18.2]",32,3.5107421875
2025-07-21T11:08:57.095169,644716,pt_main_thread,63.1,1.971875,32,35.79,4.0,67,2025-07-21T11:08:57.196381,17.3,"[10.0, 45.5, 30.0, 0.0, 20.0, 0.0, 10.0, 0.0, 0.0, 72.7, 55.6, 0.0, 60.0, 33.3, 90.0, 0.0, 11.1, 10.0, 11.1, 20.0, 0.0, 18.2, 20.0, 0.0, 0.0, 0.0, 10.0, 10.0, 0.0, 9.1, 10.0, 20.0]",32,3.5107421875
2025-07-21T11:08:57.698656,644716,pt_main_thread,63.0,1.96875,32,36.15,4.02,67,2025-07-21T11:08:57.799808,18.2,"[0.0, 10.0, 11.1, 0.0, 33.3, 0.0, 60.0, 0.0, 0.0, 90.0, 44.4, 0.0, 0.0, 100.0, 30.0, 0.0, 10.0, 10.0, 10.0, 10.0, 10.0, 10.0, 27.3, 9.1, 10.0, 0.0, 11.1, 10.0, 18.2, 9.1, 16.7, 9.1]",32,3.5107421875
2025-07-21T11:08:58.300274,644716,pt_main_thread,61.5,1.921875,32,36.5,4.04,67,2025-07-21T11:08:58.401172,17.5,"[33.3, 9.1, 55.6, 0.0, 27.3, 50.0, 33.3, 30.0, 18.2, 40.0, 40.0, 30.0, 27.3, 70.0, 33.3, 54.5, 20.0, 11.1, 18.2, 22.2, 10.0, 11.1, 11.1, 20.0, 11.1, 27.3, 11.1, 20.0, 45.5, 40.0, 41.7, 37.5]",32,3.71044921875
2025-07-21T11:08:58.901714,644716,pt_main_thread,64.8,2.025,32,36.86,4.07,67,2025-07-21T11:08:59.004447,19.0,"[10.0, 77.8, 0.0, 40.0, 50.0, 0.0, 0.0, 0.0, 12.5, 0.0, 30.0, 0.0, 80.0, 0.0, 0.0, 100.0, 10.0, 20.0, 0.0, 9.1, 0.0, 10.0, 10.0, 10.0, 10.0, 18.2, 0.0, 9.1, 20.0, 10.0, 0.0, 16.7]",32,3.71044921875
2025-07-21T11:08:59.505013,644716,pt_main_thread,66.3,2.071875,32,37.23,4.1,67,2025-07-21T11:08:59.607956,17.8,"[20.0, 0.0, 10.0, 0.0, 0.0, 81.8, 80.0, 0.0, 45.5, 0.0, 55.6, 0.0, 0.0, 90.0, 30.0, 0.0, 10.0, 0.0, 10.0, 0.0, 0.0, 0.0, 9.1, 0.0, 11.1, 10.0, 0.0, 16.7, 0.0, 0.0, 0.0, 0.0]",32,3.71044921875
2025-07-21T11:09:00.109137,644716,pt_main_thread,62.9,1.965625,32,37.58,4.13,67,2025-07-21T11:09:00.210115,17.6,"[20.0, 9.1, 20.0, 0.0, 37.5, 0.0, 0.0, 100.0, 0.0, 72.7, 45.5, 0.0, 20.0, 60.0, 50.0, 0.0, 25.0, 0.0, 10.0, 10.0, 0.0, 10.0, 10.0, 0.0, 9.1, 10.0, 0.0, 10.0, 10.0, 10.0, 9.1, 10.0]",32,3.71044921875
2025-07-21T11:09:00.710503,644716,pt_main_thread,63.1,1.971875,32,37.94,4.15,67,2025-07-21T11:09:00.811076,19.3,"[0.0, 0.0, 0.0, 100.0, 0.0, 0.0, 0.0, 100.0, 10.0, 0.0, 0.0, 100.0, 0.0, 100.0, 20.0, 0.0, 10.0, 9.1, 0.0, 0.0, 0.0, 0.0, 10.0, 0.0, 10.0, 18.2, 10.0, 0.0, 10.0, 11.1, 0.0, 10.0]",32,3.71044921875
2025-07-21T11:09:01.311312,644716,pt_main_thread,64.9,2.028125,32,38.31,4.17,67,2025-07-21T11:09:01.411966,17.2,"[0.0, 0.0, 33.3, 0.0, 45.5, 0.0, 50.0, 0.0, 30.0, 0.0, 60.0, 10.0, 0.0, 100.0, 80.0, 0.0, 20.0, 10.0, 0.0, 10.0, 10.0, 25.0, 10.0, 0.0, 0.0, 9.1, 0.0, 0.0, 18.2, 10.0, 10.0, 10.0]",32,3.71044921875
2025-07-21T11:09:01.912201,644716,pt_main_thread,64.9,2.028125,32,38.67,4.2,67,2025-07-21T11:09:02.012767,17.8,"[11.1, 22.2, 50.0, 0.0, 11.1, 81.8, 11.1, 0.0, 11.1, 10.0, 27.3, 0.0, 60.0, 0.0, 9.1, 100.0, 11.1, 10.0, 18.2, 10.0, 10.0, 0.0, 10.0, 10.0, 10.0, 10.0, 10.0, 9.1, 0.0, 0.0, 10.0, 10.0]",32,3.71044921875
2025-07-21T11:09:02.512956,644716,pt_main_thread,59.9,1.871875,32,39.01,4.22,67,2025-07-21T11:09:02.613522,19.3,"[33.3, 0.0, 0.0, 0.0, 22.2, 0.0, 72.7, 0.0, 50.0, 0.0, 50.0, 0.0, 30.0, 50.0, 9.1, 100.0, 20.0, 0.0, 20.0, 10.0, 10.0, 10.0, 10.0, 0.0, 0.0, 10.0, 0.0, 10.0, 0.0, 9.1, 0.0, 10.0]",32,3.71044921875
2025-07-21T11:09:03.114058,644716,pt_main_thread,64.9,2.028125,32,39.37,4.25,67,2025-07-21T11:09:03.215268,17.4,"[0.0, 40.0, 40.0, 0.0, 60.0, 0.0, 22.2, 0.0, 20.0, 18.2, 40.0, 0.0, 80.0, 0.0, 81.8, 0.0, 20.0, 0.0, 0.0, 10.0, 25.0, 9.1, 10.0, 10.0, 10.0, 0.0, 10.0, 9.1, 18.2, 10.0, 18.2, 16.7]",32,3.89404296875
2025-07-21T11:09:03.716892,644716,pt_main_thread,63.2,1.975,32,39.73,4.27,67,2025-07-21T11:09:03.817398,17.6,"[11.1, 36.4, 20.0, 11.1, 50.0, 0.0, 0.0, 27.3, 20.0, 0.0, 80.0, 0.0, 70.0, 0.0, 77.8, 0.0, 0.0, 18.2, 10.0, 10.0, 10.0, 0.0, 10.0, 18.2, 10.0, 9.1, 0.0, 18.2, 10.0, 0.0, 18.2, 0.0]",32,3.89404296875
2025-07-21T11:09:04.317731,644716,pt_main_thread,63.1,1.971875,32,40.09,4.29,67,2025-07-21T11:09:04.418527,18.7,"[11.1, 0.0, 22.2, 0.0, 54.5, 0.0, 70.0, 0.0, 36.4, 30.0, 20.0, 22.2, 40.0, 10.0, 0.0, 90.9, 18.2, 20.0, 18.2, 0.0, 20.0, 10.0, 0.0, 0.0, 0.0, 0.0, 11.1, 0.0, 10.0, 0.0, 10.0, 0.0]",32,3.89404296875
2025-07-21T11:09:04.918848,644716,pt_main_thread,61.5,1.921875,32,40.44,4.31,67,2025-07-21T11:09:05.022315,17.7,"[10.0, 10.0, 27.3, 10.0, 0.0, 20.0, 0.0, 80.0, 10.0, 0.0, 18.2, 70.0, 11.1, 80.0, 63.6, 36.4, 10.0, 10.0, 10.0, 10.0, 0.0, 0.0, 0.0, 0.0, 10.0, 9.1, 16.7, 10.0, 10.0, 9.1, 0.0, 0.0]",32,3.89404296875
2025-07-21T11:09:05.523328,644716,pt_main_thread,72.9,2.278125,32,40.86,4.33,67,2025-07-21T11:09:05.626807,17.2,"[20.0, 18.2, 20.0, 0.0, 30.0, 11.1, 60.0, 0.0, 63.6, 0.0, 72.7, 0.0, 60.0, 0.0, 20.0, 50.0, 20.0, 20.0, 0.0, 10.0, 0.0, 10.0, 18.2, 10.0, 9.1, 20.0, 10.0, 0.0, 9.1, 10.0, 10.0, 0.0]",32,3.89404296875
2025-07-21T11:09:06.127079,644716,pt_main_thread,64.5,2.015625,32,41.22,4.36,67,2025-07-21T11:09:06.227540,17.2,"[0.0, 30.0, 10.0, 10.0, 40.0, 0.0, 40.0, 11.1, 30.0, 0.0, 0.0, 90.9, 70.0, 0.0, 54.5, 0.0, 10.0, 20.0, 10.0, 25.0, 0.0, 10.0, 11.1, 10.0, 10.0, 10.0, 10.0, 0.0, 0.0, 0.0, 10.0, 0.0]",32,3.89404296875
2025-07-21T11:09:06.728953,644716,pt_main_thread,71.5,2.234375,32,41.63,4.38,67,2025-07-21T11:09:06.829757,18.7,"[10.0, 50.0, 22.2, 0.0, 40.0, 0.0, 10.0, 0.0, 9.1, 60.0, 40.0, 0.0, 30.0, 66.7, 60.0, 0.0, 18.2, 9.1, 20.0, 10.0, 10.0, 10.0, 10.0, 10.0, 10.0, 10.0, 0.0, 10.0, 0.0, 10.0, 18.2, 0.0]",32,3.89404296875
2025-07-21T11:09:07.331005,644716,pt_main_thread,64.7,2.021875,32,42.0,4.4,67,2025-07-21T11:09:07.433711,17.5,"[10.0, 0.0, 30.0, 18.2, 20.0, 0.0, 0.0, 100.0, 60.0, 0.0, 20.0, 0.0, 63.6, 0.0, 0.0, 90.9, 9.1, 0.0, 10.0, 11.1, 0.0, 10.0, 10.0, 0.0, 10.0, 10.0, 9.1, 0.0, 9.1, 9.1, 0.0, 0.0]",32,3.89404296875
2025-07-21T11:09:07.934286,644716,pt_main_thread,72.9,2.278125,32,42.42,4.42,67,2025-07-21T11:09:08.035036,17.0,"[18.2, 20.0, 0.0, 0.0, 40.0, 0.0, 0.0, 100.0, 66.7, 0.0, 50.0, 0.0, 60.0, 0.0, 0.0, 100.0, 18.2, 10.0, 18.2, 0.0, 10.0, 0.0, 0.0, 0.0, 0.0, 0.0, 10.0, 16.7, 9.1, 0.0, 0.0, 11.1]",32,4.06298828125
2025-07-21T11:09:08.535351,644716,pt_main_thread,63.2,1.975,32,42.76,4.46,67,2025-07-21T11:09:08.636088,19.3,"[10.0, 0.0, 0.0, 10.0, 16.7, 0.0, 10.0, 70.0, 66.7, 0.0, 0.0, 100.0, 72.7, 0.0, 0.0, 80.0, 10.0, 10.0, 0.0, 10.0, 9.1, 0.0, 0.0, 0.0, 0.0, 18.2, 0.0, 9.1, 10.0, 18.2, 0.0, 11.1]",32,4.06298828125
2025-07-21T11:09:09.138650,644716,pt_main_thread,64.9,2.028125,32,43.12,4.49,67,2025-07-21T11:09:09.240123,17.5,"[10.0, 0.0, 22.2, 0.0, 36.4, 0.0, 80.0, 0.0, 30.0, 50.0, 54.5, 0.0, 0.0, 90.0, 50.0, 20.0, 10.0, 10.0, 10.0, 0.0, 9.1, 10.0, 10.0, 9.1, 9.1, 10.0, 18.2, 9.1, 9.1, 18.2, 0.0, 10.0]",32,4.06298828125
2025-07-21T11:09:09.741224,644716,pt_main_thread,62.9,1.965625,32,43.48,4.51,67,2025-07-21T11:09:09.842013,17.6,"[10.0, 9.1, 40.0, 0.0, 10.0, 0.0, 0.0, 77.8, 70.0, 0.0, 30.0, 45.5, 50.0, 0.0, 88.9, 0.0, 10.0, 10.0, 0.0, 9.1, 10.0, 0.0, 10.0, 10.0, 18.2, 0.0, 10.0, 9.1, 9.1, 9.1, 9.1, 0.0]",32,4.06298828125
2025-07-21T11:09:10.343517,644716,pt_main_thread,63.1,1.971875,32,43.83,4.54,67,2025-07-21T11:09:10.445431,17.7,"[0.0, 10.0, 10.0, 0.0, 60.0, 0.0, 20.0, 0.0, 40.0, 0.0, 33.3, 9.1, 30.0, 70.0, 18.2, 90.0, 18.2, 18.2, 11.1, 0.0, 20.0, 0.0, 10.0, 20.0, 10.0, 10.0, 10.0, 9.1, 18.2, 16.7, 20.0, 10.0]",32,4.06298828125
2025-07-21T11:09:10.947853,644716,pt_main_thread,62.9,1.965625,32,44.19,4.56,67,2025-07-21T11:09:11.048392,19.1,"[30.0, 0.0, 30.0, 0.0, 22.2, 0.0, 60.0, 0.0, 50.0, 0.0, 20.0, 20.0, 9.1, 100.0, 90.0, 0.0, 0.0, 20.0, 10.0, 9.1, 0.0, 10.0, 10.0, 16.7, 11.1, 0.0, 0.0, 9.1, 16.7, 20.0, 10.0, 18.2]",32,4.06298828125
2025-07-21T11:09:11.548789,644716,pt_main_thread,63.2,1.975,32,44.54,4.59,67,2025-07-21T11:09:11.651007,17.6,"[0.0, 0.0, 10.0, 0.0, 0.0, 100.0, 10.0, 40.0, 9.1, 0.0, 0.0, 90.9, 88.9, 0.0, 90.0, 0.0, 10.0, 10.0, 0.0, 10.0, 0.0, 0.0, 0.0, 9.1, 11.1, 10.0, 9.1, 9.1, 10.0, 9.1, 10.0, 0.0]",32,4.06298828125
2025-07-21T11:09:12.152988,644716,pt_main_thread,69.5,2.171875,32,44.93,4.62,67,2025-07-21T11:09:12.256682,17.3,"[30.0, 18.2, 20.0, 0.0, 50.0, 20.0, 20.0, 0.0, 0.0, 100.0, 30.0, 18.2, 50.0, 0.0, 63.6, 0.0, 0.0, 0.0, 11.1, 10.0, 0.0, 9.1, 9.1, 9.1, 9.1, 10.0, 9.1, 9.1, 10.0, 10.0, 0.0, 18.2]",32,4.06298828125
2025-07-21T11:09:12.757722,644716,pt_main_thread,66.2,2.06875,32,45.31,4.64,67,2025-07-21T11:09:12.859819,19.3,"[30.0, 27.3, 0.0, 0.0, 0.0, 100.0, 9.1, 90.0, 50.0, 0.0, 0.0, 0.0, 10.0, 0.0, 40.0, 30.0, 20.0, 10.0, 10.0, 10.0, 9.1, 10.0, 9.1, 10.0, 18.2, 10.0, 16.7, 16.7, 10.0, 0.0, 10.0, 10.0]",32,4.06298828125
2025-07-21T11:09:13.361238,644716,pt_main_thread,67.9,2.121875,32,45.69,4.67,67,2025-07-21T11:09:13.462567,17.2,"[22.2, 40.0, 11.1, 0.0, 27.3, 0.0, 90.0, 0.0, 40.0, 0.0, 9.1, 77.8, 60.0, 0.0, 44.4, 0.0, 10.0, 18.2, 10.0, 10.0, 9.1, 9.1, 10.0, 10.0, 10.0, 0.0, 10.0, 0.0, 9.1, 0.0, 0.0, 10.0]",32,4.21826171875
2025-07-21T11:09:13.963561,644716,pt_main_thread,63.0,1.96875,32,46.06,4.68,67,2025-07-21T11:09:14.064259,17.5,"[27.3, 30.0, 20.0, 10.0, 22.2, 0.0, 0.0, 90.0, 36.4, 0.0, 30.0, 0.0, 20.0, 60.0, 50.0, 0.0, 20.0, 10.0, 0.0, 18.2, 10.0, 10.0, 0.0, 9.1, 9.1, 0.0, 0.0, 0.0, 27.3, 11.1, 10.0, 0.0]",32,4.21826171875
2025-07-21T11:09:14.564546,644716,pt_main_thread,61.6,1.925,32,46.41,4.7,67,2025-07-21T11:09:14.665753,18.9,"[11.1, 0.0, 10.0, 0.0, 0.0, 0.0, 10.0, 0.0, 0.0, 100.0, 0.0, 90.9, 81.8, 0.0, 0.0, 100.0, 10.0, 18.2, 10.0, 10.0, 0.0, 25.0, 10.0, 0.0, 10.0, 0.0, 9.1, 0.0, 0.0, 10.0, 0.0, 9.1]",32,4.21826171875
2025-07-21T11:09:15.166217,644716,pt_main_thread,64.8,2.025,32,46.77,4.73,67,2025-07-21T11:09:15.267436,17.8,"[10.0, 10.0, 18.2, 0.0, 20.0, 30.0, 40.0, 0.0, 55.6, 0.0, 9.1, 100.0, 80.0, 0.0, 10.0, 70.0, 10.0, 20.0, 10.0, 0.0, 9.1, 0.0, 18.2, 11.1, 18.2, 0.0, 10.0, 0.0, 0.0, 0.0, 0.0, 0.0]",32,4.21826171875
2025-07-21T11:09:15.767678,644716,pt_main_thread,64.8,2.025,32,47.13,4.76,67,2025-07-21T11:09:15.868673,17.5,"[10.0, 0.0, 20.0, 40.0, 20.0, 9.1, 44.4, 0.0, 55.6, 0.0, 54.5, 0.0, 20.0, 70.0, 100.0, 0.0, 10.0, 10.0, 10.0, 0.0, 0.0, 9.1, 0.0, 9.1, 10.0, 9.1, 0.0, 10.0, 10.0, 0.0, 0.0, 20.0]",32,4.21826171875
2025-07-21T11:09:16.368903,644716,pt_main_thread,61.5,1.921875,32,47.48,4.78,67,2025-07-21T11:09:16.470093,17.2,"[30.0, 9.1, 40.0, 0.0, 20.0, 0.0, 50.0, 0.0, 90.0, 0.0, 63.6, 0.0, 40.0, 0.0, 0.0, 90.9, 10.0, 10.0, 10.0, 9.1, 10.0, 0.0, 0.0, 0.0, 9.1, 10.0, 10.0, 0.0, 0.0, 10.0, 10.0, 9.1]",32,4.21826171875
2025-07-21T11:09:16.971249,644716,pt_main_thread,63.2,1.975,32,47.84,4.8,67,2025-07-21T11:09:17.071846,18.9,"[10.0, 0.0, 0.0, 0.0, 30.0, 0.0, 50.0, 20.0, 10.0, 11.1, 0.0, 100.0, 66.7, 0.0, 0.0, 100.0, 20.0, 10.0, 0.0, 10.0, 10.0, 0.0, 10.0, 10.0, 9.1, 9.1, 10.0, 11.1, 0.0, 0.0, 10.0, 10.0]",32,4.21826171875
2025-07-21T11:09:17.572079,644716,pt_main_thread,48.2,1.50625,32,48.1,4.83,67,2025-07-21T11:09:17.674741,14.5,"[0.0, 9.1, 11.1, 0.0, 33.3, 0.0, 63.6, 0.0, 22.2, 0.0, 80.0, 0.0, 10.0, 90.0, 80.0, 10.0, 18.2, 10.0, 18.2, 10.0, 18.2, 10.0, 10.0, 0.0, 0.0, 9.1, 0.0, 9.1, 18.2, 9.1, 0.0, 0.0]",32,4.21826171875
2025-07-21T11:09:18.174972,644716,pt_main_thread,63.0,1.96875,32,48.46,4.85,67,2025-07-21T11:09:18.275677,19.0,"[11.1, 30.0, 30.0, 0.0, 33.3, 0.0, 60.0, 36.4, 40.0, 36.4, 30.0, 0.0, 40.0, 0.0, 20.0, 50.0, 18.2, 10.0, 10.0, 18.2, 10.0, 18.2, 18.2, 20.0, 0.0, 10.0, 0.0, 10.0, 0.0, 18.2, 0.0, 10.0]",32,4.28125
2025-07-21T11:09:18.776364,644716,pt_main_thread,61.6,1.925,32,48.8,4.88,67,2025-07-21T11:09:18.879443,17.7,"[0.0, 0.0, 10.0, 0.0, 10.0, 81.8, 0.0, 100.0, 44.4, 0.0, 44.4, 0.0, 0.0, 100.0, 18.2, 0.0, 10.0, 0.0, 0.0, 20.0, 9.1, 0.0, 18.2, 0.0, 0.0, 0.0, 0.0, 0.0, 0.0, 0.0, 0.0, 10.0]",32,4.28125
2025-07-21T11:09:19.379984,644716,pt_main_thread,62.9,1.965625,32,49.15,4.91,67,2025-07-21T11:09:19.483810,17.3,"[10.0, 45.5, 20.0, 20.0, 36.4, 0.0, 27.3, 0.0, 30.0, 0.0, 90.0, 0.0, 40.0, 60.0, 0.0, 27.3, 11.1, 10.0, 18.2, 0.0, 9.1, 10.0, 0.0, 10.0, 18.2, 18.2, 9.1, 18.2, 9.1, 9.1, 9.1, 10.0]",32,4.28125
2025-07-21T11:09:19.984674,644716,pt_main_thread,62.8,1.9625,32,49.51,4.93,67,2025-07-21T11:09:20.087219,17.7,"[20.0, 50.0, 10.0, 66.7, 11.1, 30.0, 33.3, 36.4, 18.2, 80.0, 54.5, 30.0, 27.3, 36.4, 0.0, 90.9, 10.0, 27.3, 11.1, 18.2, 20.0, 27.3, 20.0, 30.0, 30.0, 10.0, 10.0, 40.0, 11.1, 18.2, 18.2, 20.0]",32,4.28125
2025-07-21T11:09:20.588445,644716,pt_main_thread,63.0,1.96875,32,49.86,4.96,67,2025-07-21T11:09:20.690170,19.4,"[0.0, 27.3, 50.0, 0.0, 11.1, 0.0, 22.2, 0.0, 0.0, 100.0, 22.2, 9.1, 55.6, 0.0, 33.3, 30.0, 10.0, 11.1, 10.0, 10.0, 10.0, 10.0, 9.1, 10.0, 10.0, 0.0, 25.0, 10.0, 20.0, 10.0, 10.0, 22.2]",32,4.28125
2025-07-21T11:09:21.190827,644716,pt_main_thread,63.1,1.971875,32,50.22,4.98,67,2025-07-21T11:09:21.292846,17.4,"[9.1, 20.0, 20.0, 0.0, 30.0, 0.0, 22.2, 0.0, 11.1, 60.0, 11.1, 0.0, 9.1, 90.0, 0.0, 100.0, 20.0, 10.0, 11.1, 0.0, 10.0, 18.2, 9.1, 9.1, 0.0, 10.0, 10.0, 9.1, 18.2, 20.0, 9.1, 0.0]",32,4.28125
2025-07-21T11:09:21.793382,644716,pt_main_thread,64.7,2.021875,32,50.59,5.0,67,2025-07-21T11:09:21.895287,17.6,"[18.2, 0.0, 45.5, 0.0, 0.0, 100.0, 0.0, 0.0, 50.0, 0.0, 80.0, 0.0, 50.0, 0.0, 0.0, 90.9, 10.0, 10.0, 9.1, 0.0, 10.0, 10.0, 16.7, 0.0, 0.0, 0.0, 0.0, 0.0, 18.2, 10.0, 10.0, 18.2]",32,4.28125
2025-07-21T11:09:22.395698,644716,pt_main_thread,73.1,2.284375,32,51.0,5.03,67,2025-07-21T11:09:22.498424,18.6,"[0.0, 36.4, 27.3, 0.0, 40.0, 0.0, 20.0, 0.0, 0.0, 90.9, 54.5, 0.0, 30.0, 40.0, 72.7, 0.0, 10.0, 0.0, 0.0, 9.1, 0.0, 16.7, 18.2, 10.0, 9.1, 18.2, 18.2, 0.0, 9.1, 10.0, 0.0, 9.1]",32,4.28125
2025-07-21T11:09:22.999469,644716,pt_main_thread,63.0,1.96875,32,51.35,5.06,67,2025-07-21T11:09:23.101422,17.5,"[36.4, 50.0, 9.1, 0.0, 0.0, 0.0, 0.0, 100.0, 0.0, 100.0, 18.2, 0.0, 0.0, 100.0, 20.0, 0.0, 10.0, 10.0, 10.0, 10.0, 0.0, 0.0, 10.0, 18.2, 10.0, 10.0, 18.2, 9.1, 0.0, 18.2, 0.0, 0.0]",32,4.3388671875
2025-07-21T11:09:23.602352,644716,pt_main_thread,64.7,2.021875,32,51.72,5.08,67,2025-07-21T11:09:23.703055,17.4,"[10.0, 20.0, 9.1, 0.0, 11.1, 0.0, 60.0, 0.0, 40.0, 0.0, 70.0, 0.0, 10.0, 90.0, 9.1, 100.0, 10.0, 16.7, 10.0, 9.1, 10.0, 0.0, 0.0, 20.0, 10.0, 18.2, 0.0, 10.0, 0.0, 10.0, 10.0, 9.1]",32,4.3388671875
2025-07-21T11:09:24.203594,644716,pt_main_thread,61.5,1.921875,32,52.07,5.1,67,2025-07-21T11:09:24.304069,18.7,"[44.4, 0.0, 45.5, 0.0, 30.0, 0.0, 40.0, 0.0, 30.0, 0.0, 60.0, 0.0, 50.0, 0.0, 100.0, 9.1, 10.0, 25.0, 10.0, 10.0, 0.0, 9.1, 10.0, 10.0, 9.1, 0.0, 0.0, 10.0, 0.0, 10.0, 16.7, 9.1]",32,4.3388671875
2025-07-21T11:09:24.804511,644716,pt_main_thread,63.3,1.978125,32,52.42,5.13,67,2025-07-21T11:09:24.906276,17.1,"[20.0, 40.0, 11.1, 33.3, 20.0, 10.0, 40.0, 0.0, 33.3, 40.0, 40.0, 0.0, 0.0, 100.0, 44.4, 0.0, 18.2, 20.0, 0.0, 10.0, 0.0, 0.0, 0.0, 10.0, 18.2, 0.0, 10.0, 0.0, 0.0, 18.2, 10.0, 10.0]",32,4.3388671875
2025-07-21T11:09:25.406489,644716,pt_main_thread,63.1,1.971875,32,52.77,5.16,67,2025-07-21T11:09:25.508784,17.3,"[10.0, 0.0, 0.0, 0.0, 9.1, 0.0, 40.0, 0.0, 66.7, 0.0, 90.0, 0.0, 80.0, 0.0, 0.0, 100.0, 20.0, 10.0, 0.0, 10.0, 0.0, 10.0, 9.1, 0.0, 18.2, 20.0, 0.0, 0.0, 10.0, 18.2, 0.0, 9.1]",32,4.3388671875
2025-07-21T11:09:26.009589,644716,pt_main_thread,61.4,1.91875,32,53.12,5.18,67,2025-07-21T11:09:26.110391,19.0,"[10.0, 10.0, 0.0, 0.0, 11.1, 0.0, 0.0, 90.0, 45.5, 0.0, 10.0, 90.0, 0.0, 90.0, 22.2, 10.0, 11.1, 10.0, 10.0, 10.0, 0.0, 9.1, 25.0, 10.0, 10.0, 0.0, 18.2, 9.1, 0.0, 9.1, 0.0, 10.0]",32,4.3388671875
2025-07-21T11:09:26.610620,644716,pt_main_thread,64.9,2.028125,32,53.48,5.21,67,2025-07-21T11:09:26.712293,16.9,"[10.0, 0.0, 10.0, 0.0, 10.0, 0.0, 27.3, 0.0, 0.0, 100.0, 80.0, 20.0, 80.0, 0.0, 0.0, 100.0, 11.1, 0.0, 18.2, 9.1, 10.0, 18.2, 10.0, 10.0, 0.0, 10.0, 0.0, 10.0, 0.0, 18.2, 10.0, 9.1]",32,4.3388671875
2025-07-21T11:09:27.212635,644716,pt_main_thread,63.1,1.971875,32,53.85,5.22,67,2025-07-21T11:09:27.313291,17.3,"[11.1, 22.2, 27.3, 0.0, 33.3, 0.0, 10.0, 100.0, 54.5, 0.0, 33.3, 0.0, 80.0, 0.0, 44.4, 0.0, 25.0, 11.1, 0.0, 10.0, 10.0, 16.7, 10.0, 10.0, 10.0, 0.0, 0.0, 0.0, 10.0, 10.0, 0.0, 0.0]",32,4.3388671875
2025-07-21T11:09:27.813635,644716,pt_main_thread,64.9,2.028125,32,54.21,5.25,67,2025-07-21T11:09:27.914230,16.9,"[0.0, 40.0, 10.0, 11.1, 20.0, 0.0, 44.4, 0.0, 80.0, 0.0, 70.0, 0.0, 0.0, 90.9, 20.0, 10.0, 0.0, 10.0, 10.0, 10.0, 10.0, 0.0, 10.0, 11.1, 0.0, 10.0, 10.0, 10.0, 20.0, 10.0, 0.0, 0.0]",32,4.3388671875
2025-07-21T11:09:28.414837,644716,pt_main_thread,63.2,1.975,32,54.57,5.27,67,2025-07-21T11:09:28.516134,18.6,"[10.0, 0.0, 22.2, 0.0, 20.0, 0.0, 70.0, 0.0, 50.0, 0.0, 72.7, 0.0, 9.1, 100.0, 81.8, 0.0, 10.0, 18.2, 18.2, 10.0, 0.0, 0.0, 9.1, 0.0, 10.0, 0.0, 9.1, 10.0, 0.0, 0.0, 18.2, 0.0]",32,4.47216796875
2025-07-21T11:09:29.016454,644716,pt_main_thread,69.8,2.18125,32,54.95,5.31,67,2025-07-21T11:09:29.118283,16.9,"[33.3, 27.3, 27.3, 45.5, 50.0, 0.0, 20.0, 0.0, 20.0, 0.0, 20.0, 0.0, 9.1, 90.0, 11.1, 80.0, 10.0, 10.0, 20.0, 0.0, 10.0, 0.0, 0.0, 10.0, 18.2, 10.0, 16.7, 0.0, 0.0, 0.0, 16.7, 0.0]",32,4.47216796875
2025-07-21T11:09:29.618595,644716,pt_main_thread,63.1,1.971875,32,55.3,5.34,67,2025-07-21T11:09:29.719520,17.2,"[33.3, 0.0, 30.0, 0.0, 55.6, 0.0, 22.2, 18.2, 40.0, 40.0, 40.0, 0.0, 66.7, 0.0, 63.6, 0.0, 10.0, 18.2, 0.0, 0.0, 18.2, 9.1, 9.1, 10.0, 18.2, 10.0, 0.0, 10.0, 18.2, 9.1, 10.0, 0.0]",32,4.47216796875
2025-07-21T11:09:30.220100,644716,pt_main_thread,61.5,1.921875,32,55.65,5.36,67,2025-07-21T11:09:30.321735,19.2,"[11.1, 50.0, 10.0, 0.0, 30.0, 0.0, 22.2, 0.0, 100.0, 0.0, 9.1, 72.7, 0.0, 100.0, 10.0, 11.1, 10.0, 9.1, 18.2, 18.2, 0.0, 10.0, 9.1, 10.0, 0.0, 0.0, 10.0, 0.0, 10.0, 0.0, 10.0, 10.0]",32,4.47216796875
2025-07-21T11:09:30.822206,644716,pt_main_thread,64.8,2.025,32,56.01,5.39,67,2025-07-21T11:09:30.922700,16.9,"[50.0, 0.0, 10.0, 20.0, 10.0, 0.0, 30.0, 0.0, 44.4, 0.0, 80.0, 0.0, 70.0, 0.0, 10.0, 83.3, 0.0, 20.0, 18.2, 9.1, 10.0, 0.0, 10.0, 9.1, 10.0, 10.0, 10.0, 10.0, 10.0, 9.1, 9.1, 10.0]",32,4.47216796875
2025-07-21T11:09:31.422935,644716,pt_main_thread,63.3,1.978125,32,56.36,5.42,67,2025-07-21T11:09:31.523741,17.3,"[10.0, 80.0, 10.0, 11.1, 9.1, 90.9, 0.0, 0.0, 11.1, 10.0, 70.0, 0.0, 0.0, 90.9, 30.0, 0.0, 0.0, 0.0, 25.0, 10.0, 11.1, 0.0, 0.0, 0.0, 0.0, 10.0, 10.0, 10.0, 9.1, 11.1, 11.1, 0.0]",32,4.47216796875
2025-07-21T11:09:32.025199,644716,pt_main_thread,66.5,2.078125,32,56.74,5.44,67,2025-07-21T11:09:32.125973,17.2,"[25.0, 80.0, 20.0, 27.3, 0.0, 45.5, 0.0, 33.3, 0.0, 90.9, 11.1, 30.0, 10.0, 90.0, 0.0, 100.0, 20.0, 10.0, 27.3, 10.0, 10.0, 10.0, 27.3, 18.2, 20.0, 20.0, 33.3, 30.0, 10.0, 33.3, 22.2, 33.3]",32,4.47216796875
2025-07-21T11:09:32.627478,644716,pt_main_thread,59.8,1.86875,32,57.08,5.46,67,2025-07-21T11:09:32.729781,19.0,"[0.0, 44.4, 30.0, 0.0, 50.0, 0.0, 10.0, 27.3, 22.2, 30.0, 0.0, 50.0, 50.0, 0.0, 63.6, 0.0, 18.2, 25.0, 9.1, 11.1, 0.0, 16.7, 20.0, 10.0, 10.0, 18.2, 0.0, 0.0, 10.0, 11.1, 9.1, 16.7]",32,4.47216796875
2025-07-21T11:09:33.230094,644716,pt_main_thread,64.6,2.01875,32,57.44,5.49,67,2025-07-21T11:09:33.331942,17.1,"[36.4, 0.0, 36.4, 0.0, 0.0, 80.0, 50.0, 0.0, 0.0, 0.0, 18.2, 40.0, 0.0, 100.0, 90.0, 0.0, 20.0, 20.0, 10.0, 11.1, 9.1, 0.0, 0.0, 0.0, 0.0, 9.1, 0.0, 10.0, 9.1, 18.2, 0.0, 9.1]",32,4.5947265625
2025-07-21T11:09:33.833203,644716,pt_main_thread,61.4,1.91875,32,57.79,5.51,67,2025-07-21T11:09:33.933757,17.2,"[22.2, 0.0, 10.0, 0.0, 10.0, 0.0, 60.0, 0.0, 44.4, 0.0, 0.0, 100.0, 70.0, 0.0, 0.0, 100.0, 10.0, 10.0, 0.0, 0.0, 10.0, 10.0, 0.0, 0.0, 0.0, 10.0, 9.1, 0.0, 0.0, 10.0, 9.1, 10.0]",32,4.5947265625
2025-07-21T11:09:34.434145,644716,pt_main_thread,63.2,1.975,32,58.14,5.54,67,2025-07-21T11:09:34.534559,18.5,"[27.3, 10.0, 22.2, 0.0, 0.0, 100.0, 50.0, 0.0, 44.4, 0.0, 40.0, 0.0, 60.0, 0.0, 60.0, 0.0, 10.0, 10.0, 0.0, 0.0, 11.1, 18.2, 10.0, 0.0, 10.0, 10.0, 25.0, 0.0, 18.2, 10.0, 10.0, 18.2]",32,4.5947265625
2025-07-21T11:09:35.034762,644716,pt_main_thread,63.3,1.978125,32,58.49,5.57,67,2025-07-21T11:09:35.136116,17.3,"[0.0, 10.0, 0.0, 0.0, 0.0, 0.0, 20.0, 72.7, 0.0, 100.0, 0.0, 100.0, 0.0, 100.0, 0.0, 20.0, 9.1, 10.0, 9.1, 10.0, 0.0, 9.1, 9.1, 0.0, 0.0, 9.1, 9.1, 10.0, 10.0, 10.0, 0.0, 10.0]",32,4.5947265625
2025-07-21T11:09:35.637434,644716,pt_main_thread,63.1,1.971875,32,58.84,5.6,67,2025-07-21T11:09:35.737904,17.5,"[10.0, 20.0, 0.0, 0.0, 30.0, 11.1, 30.0, 0.0, 0.0, 90.0, 50.0, 0.0, 66.7, 0.0, 45.5, 10.0, 30.0, 10.0, 10.0, 10.0, 10.0, 0.0, 10.0, 10.0, 10.0, 10.0, 10.0, 0.0, 0.0, 18.2, 0.0, 9.1]",32,4.5947265625
2025-07-21T11:09:36.238117,644716,pt_main_thread,66.6,2.08125,32,59.21,5.63,67,2025-07-21T11:09:36.338550,18.7,"[10.0, 0.0, 9.1, 100.0, 0.0, 100.0, 0.0, 40.0, 10.0, 0.0, 0.0, 0.0, 18.2, 60.0, 0.0, 100.0, 10.0, 0.0, 10.0, 9.1, 10.0, 16.7, 10.0, 18.2, 10.0, 9.1, 11.1, 0.0, 0.0, 10.0, 9.1, 10.0]",32,4.5947265625
2025-07-21T11:09:36.838784,644716,pt_main_thread,66.6,2.08125,32,59.58,5.66,67,2025-07-21T11:09:36.940283,17.6,"[40.0, 0.0, 10.0, 0.0, 50.0, 0.0, 9.1, 60.0, 20.0, 0.0, 9.1, 90.0, 60.0, 0.0, 60.0, 0.0, 10.0, 9.1, 11.1, 9.1, 20.0, 0.0, 10.0, 10.0, 10.0, 10.0, 10.0, 10.0, 0.0, 10.0, 0.0, 18.2]",32,4.5947265625
2025-07-21T11:09:37.440580,644716,pt_main_thread,63.1,1.971875,32,59.94,5.68,67,2025-07-21T11:09:37.541344,17.1,"[0.0, 0.0, 30.0, 0.0, 60.0, 0.0, 70.0, 0.0, 60.0, 0.0, 33.3, 0.0, 55.6, 0.0, 66.7, 10.0, 20.0, 10.0, 9.1, 0.0, 9.1, 10.0, 10.0, 10.0, 10.0, 0.0, 10.0, 10.0, 20.0, 11.1, 20.0, 27.3]",32,4.5947265625
2025-07-21T11:09:38.041845,644716,pt_main_thread,63.2,1.975,32,60.29,5.71,67,2025-07-21T11:09:38.144249,18.8,"[0.0, 27.3, 0.0, 0.0, 0.0, 0.0, 0.0, 100.0, 20.0, 0.0, 0.0, 100.0, 0.0, 100.0, 90.0, 0.0, 9.1, 0.0, 10.0, 16.7, 10.0, 9.1, 0.0, 0.0, 11.1, 10.0, 18.2, 9.1, 9.1, 10.0, 10.0, 0.0]",32,5.34814453125
2025-07-21T11:09:38.644872,644716,pt_main_thread,66.3,2.071875,32,60.66,5.74,67,2025-07-21T11:09:38.745626,17.1,"[0.0, 0.0, 27.3, 0.0, 0.0, 22.2, 0.0, 100.0, 20.0, 0.0, 63.6, 0.0, 88.9, 0.0, 0.0, 100.0, 10.0, 10.0, 9.1, 18.2, 9.1, 9.1, 9.1, 0.0, 0.0, 0.0, 18.2, 9.1, 10.0, 10.0, 10.0, 10.0]",32,5.34814453125
2025-07-21T11:09:39.246601,644716,pt_main_thread,63.2,1.975,32,61.03,5.75,67,2025-07-21T11:09:39.348668,17.3,"[10.0, 9.1, 0.0, 0.0, 10.0, 0.0, 0.0, 100.0, 55.6, 0.0, 50.0, 50.0, 40.0, 0.0, 0.0, 100.0, 10.0, 9.1, 0.0, 0.0, 9.1, 10.0, 10.0, 0.0, 9.1, 9.1, 0.0, 10.0, 0.0, 0.0, 0.0, 0.0]",32,5.34814453125
2025-07-21T11:09:39.848963,644716,pt_main_thread,66.4,2.075,32,61.41,5.77,67,2025-07-21T11:09:39.952113,17.1,"[22.2, 55.6, 0.0, 90.0, 0.0, 60.0, 11.1, 30.0, 66.7, 11.1, 30.0, 11.1, 36.4, 40.0, 36.4, 40.0, 18.2, 18.2, 11.1, 22.2, 20.0, 10.0, 20.0, 27.3, 33.3, 20.0, 27.3, 11.1, 22.2, 10.0, 10.0, 36.4]",32,5.34814453125
2025-07-21T11:09:40.452537,644716,pt_main_thread,61.3,1.915625,32,61.75,5.8,67,2025-07-21T11:09:40.555069,19.1,"[0.0, 0.0, 11.1, 0.0, 0.0, 0.0, 0.0, 90.0, 27.3, 0.0, 0.0, 100.0, 0.0, 100.0, 0.0, 90.9, 9.1, 16.7, 10.0, 10.0, 9.1, 10.0, 10.0, 0.0, 0.0, 9.1, 0.0, 9.1, 10.0, 18.2, 9.1, 0.0]",32,5.34814453125
2025-07-21T11:09:41.055374,644716,pt_main_thread,68.0,2.125,32,62.13,5.83,67,2025-07-21T11:09:41.156902,16.9,"[66.7, 0.0, 0.0, 10.0, 18.2, 0.0, 0.0, 70.0, 40.0, 0.0, 20.0, 20.0, 0.0, 80.0, 0.0, 100.0, 11.1, 18.2, 18.2, 9.1, 20.0, 10.0, 10.0, 0.0, 0.0, 0.0, 10.0, 0.0, 11.1, 9.1, 9.1, 18.2]",32,5.34814453125
2025-07-21T11:09:41.659089,644716,pt_main_thread,69.6,2.175,32,62.53,5.85,67,2025-07-21T11:09:41.761496,17.0,"[0.0, 20.0, 20.0, 0.0, 9.1, 0.0, 0.0, 22.2, 0.0, 91.7, 80.0, 0.0, 90.9, 0.0, 80.0, 0.0, 9.1, 0.0, 10.0, 18.2, 9.1, 10.0, 0.0, 0.0, 0.0, 10.0, 0.0, 9.1, 10.0, 0.0, 10.0, 9.1]",32,5.34814453125
2025-07-21T11:09:42.263643,644716,pt_main_thread,67.8,2.11875,32,62.92,5.87,67,2025-07-21T11:09:42.364212,18.9,"[27.3, 0.0, 40.0, 0.0, 18.2, 0.0, 20.0, 20.0, 55.6, 0.0, 11.1, 50.0, 20.0, 33.3, 0.0, 100.0, 10.0, 11.1, 9.1, 10.0, 0.0, 0.0, 0.0, 0.0, 10.0, 25.0, 20.0, 10.0, 10.0, 10.0, 10.0, 10.0]",32,5.34814453125
2025-07-21T11:09:42.864828,644716,pt_main_thread,63.2,1.975,32,63.29,5.88,67,2025-07-21T11:09:42.965853,17.0,"[18.2, 20.0, 27.3, 0.0, 20.0, 0.0, 70.0, 0.0, 33.3, 0.0, 45.5, 0.0, 40.0, 33.3, 33.3, 50.0, 10.0, 18.2, 10.0, 10.0, 11.1, 0.0, 0.0, 10.0, 18.2, 9.1, 10.0, 10.0, 9.1, 10.0, 0.0, 0.0]",32,5.31982421875
2025-07-21T11:09:43.467659,644716,pt_main_thread,64.7,2.021875,32,63.65,5.91,67,2025-07-21T11:09:43.568420,17.1,"[36.4, 0.0, 30.0, 0.0, 10.0, 100.0, 0.0, 30.0, 10.0, 90.0, 30.0, 0.0, 33.3, 0.0, 60.0, 0.0, 30.0, 0.0, 10.0, 0.0, 9.1, 11.1, 0.0, 16.7, 10.0, 0.0, 0.0, 10.0, 18.2, 18.2, 10.0, 10.0]",32,5.31982421875
2025-07-21T11:09:44.068742,644716,pt_main_thread,59.9,1.871875,32,63.99,5.93,67,2025-07-21T11:09:44.169535,18.9,"[11.1, 10.0, 30.0, 0.0, 9.1, 30.0, 27.3, 60.0, 50.0, 0.0, 72.7, 0.0, 60.0, 0.0, 54.5, 10.0, 20.0, 27.3, 10.0, 0.0, 10.0, 10.0, 18.2, 0.0, 10.0, 18.2, 11.1, 10.0, 16.7, 10.0, 10.0, 10.0]",32,5.31982421875
2025-07-21T11:09:44.671234,644716,pt_main_thread,63.1,1.971875,32,64.34,5.96,67,2025-07-21T11:09:44.771831,17.1,"[9.1, 0.0, 10.0, 0.0, 33.3, 0.0, 0.0, 100.0, 0.0, 100.0, 0.0, 0.0, 0.0, 100.0, 60.0, 0.0, 20.0, 0.0, 9.1, 0.0, 0.0, 10.0, 0.0, 0.0, 18.2, 0.0, 10.0, 0.0, 10.0, 10.0, 0.0, 9.1]",32,5.31982421875
2025-07-21T11:09:45.273474,644716,pt_main_thread,68.1,2.128125,32,64.72,5.99,67,2025-07-21T11:09:45.375991,17.1,"[30.0, 0.0, 18.2, 20.0, 30.0, 0.0, 9.1, 81.8, 20.0, 30.0, 55.6, 0.0, 54.5, 10.0, 44.4, 0.0, 18.2, 10.0, 10.0, 10.0, 18.2, 10.0, 10.0, 10.0, 10.0, 0.0, 10.0, 0.0, 18.2, 16.7, 0.0, 0.0]",32,5.31982421875
2025-07-21T11:09:45.876905,644716,pt_main_thread,64.7,2.021875,32,65.09,6.01,67,2025-07-21T11:09:45.977744,17.2,"[9.1, 50.0, 10.0, 40.0, 0.0, 90.0, 44.4, 10.0, 20.0, 9.1, 11.1, 10.0, 88.9, 10.0, 58.3, 9.1, 0.0, 10.0, 10.0, 0.0, 0.0, 20.0, 10.0, 10.0, 20.0, 10.0, 0.0, 10.0, 0.0, 10.0, 11.1, 10.0]",32,5.31982421875
2025-07-21T11:09:46.478121,644716,pt_main_thread,64.8,2.025,32,65.45,6.04,67,2025-07-21T11:09:46.579025,18.7,"[0.0, 0.0, 20.0, 0.0, 30.0, 0.0, 60.0, 0.0, 0.0, 100.0, 55.6, 10.0, 40.0, 0.0, 18.2, 80.0, 18.2, 18.2, 0.0, 9.1, 20.0, 20.0, 10.0, 10.0, 10.0, 10.0, 10.0, 10.0, 0.0, 10.0, 0.0, 0.0]",32,5.31982421875
2025-07-21T11:09:47.079853,644716,pt_main_thread,59.8,1.86875,32,65.79,6.06,67,2025-07-21T11:09:47.180880,17.1,"[22.2, 0.0, 10.0, 0.0, 63.6, 0.0, 20.0, 11.1, 20.0, 0.0, 9.1, 90.9, 0.0, 90.0, 60.0, 0.0, 0.0, 10.0, 11.1, 9.1, 10.0, 20.0, 0.0, 0.0, 0.0, 10.0, 0.0, 0.0, 10.0, 10.0, 20.0, 10.0]",32,5.31982421875
2025-07-21T11:09:47.681274,644716,pt_main_thread,63.2,1.975,32,66.14,6.09,67,2025-07-21T11:09:47.781994,17.1,"[33.3, 10.0, 22.2, 0.0, 0.0, 88.9, 40.0, 0.0, 40.0, 0.0, 40.0, 0.0, 55.6, 0.0, 88.9, 0.0, 20.0, 10.0, 10.0, 10.0, 0.0, 10.0, 0.0, 0.0, 10.0, 10.0, 18.2, 0.0, 11.1, 10.0, 10.0, 9.1]",32,5.31982421875
2025-07-21T11:09:48.282239,644716,pt_main_thread,63.2,1.975,32,66.49,6.12,67,2025-07-21T11:09:48.383777,18.9,"[20.0, 0.0, 40.0, 10.0, 10.0, 0.0, 36.4, 0.0, 77.8, 0.0, 50.0, 0.0, 10.0, 90.9, 70.0, 0.0, 10.0, 10.0, 10.0, 0.0, 9.1, 10.0, 18.2, 0.0, 10.0, 10.0, 10.0, 0.0, 10.0, 10.0, 20.0, 10.0]",32,5.93505859375
2025-07-21T11:09:48.884041,644716,pt_main_thread,61.5,1.921875,32,66.84,6.14,67,2025-07-21T11:09:48.985198,17.3,"[0.0, 0.0, 18.2, 9.1, 20.0, 0.0, 0.0, 100.0, 45.5, 0.0, 0.0, 90.9, 60.0, 20.0, 54.5, 0.0, 11.1, 18.2, 18.2, 10.0, 18.2, 10.0, 10.0, 10.0, 10.0, 0.0, 0.0, 16.7, 11.1, 0.0, 0.0, 0.0]",32,5.93505859375
2025-07-21T11:09:49.485494,644716,pt_main_thread,64.8,2.025,32,67.21,6.16,67,2025-07-21T11:09:49.586517,18.3,"[10.0, 33.3, 0.0, 60.0, 10.0, 0.0, 0.0, 90.0, 11.1, 0.0, 50.0, 0.0, 40.0, 0.0, 0.0, 100.0, 11.1, 0.0, 0.0, 10.0, 0.0, 10.0, 10.0, 10.0, 0.0, 10.0, 10.0, 9.1, 20.0, 0.0, 10.0, 9.1]",32,5.93505859375
2025-07-21T11:09:50.087060,644716,pt_main_thread,63.2,1.975,32,67.57,6.18,67,2025-07-21T11:09:50.187845,19.2,"[27.3, 10.0, 40.0, 0.0, 10.0, 60.0, 40.0, 0.0, 20.0, 80.0, 10.0, 0.0, 40.0, 30.0, 40.0, 40.0, 18.2, 10.0, 10.0, 10.0, 0.0, 0.0, 18.2, 18.2, 0.0, 0.0, 0.0, 0.0, 0.0, 11.1, 0.0, 10.0]",32,5.93505859375
2025-07-21T11:09:50.688230,644716,pt_main_thread,68.2,2.13125,32,67.97,6.19,67,2025-07-21T11:09:50.789085,17.1,"[11.1, 10.0, 10.0, 0.0, 18.2, 0.0, 11.1, 0.0, 0.0, 100.0, 0.0, 90.9, 30.0, 55.6, 80.0, 0.0, 18.2, 18.2, 0.0, 0.0, 0.0, 10.0, 10.0, 0.0, 18.2, 0.0, 0.0, 10.0, 0.0, 10.0, 10.0, 10.0]",32,5.93505859375
2025-07-21T11:09:51.289384,644716,pt_main_thread,64.9,2.028125,32,68.33,6.22,67,2025-07-21T11:09:51.392154,17.2,"[0.0, 44.4, 30.0, 0.0, 40.0, 0.0, 0.0, 90.0, 20.0, 9.1, 11.1, 0.0, 50.0, 0.0, 80.0, 0.0, 18.2, 20.0, 9.1, 10.0, 10.0, 10.0, 10.0, 0.0, 0.0, 10.0, 9.1, 0.0, 10.0, 9.1, 20.0, 10.0]",32,5.93505859375
2025-07-21T11:09:51.893109,644716,pt_main_thread,64.6,2.01875,32,68.7,6.24,67,2025-07-21T11:09:51.996975,17.0,"[11.1, 9.1, 10.0, 10.0, 40.0, 0.0, 55.6, 0.0, 10.0, 100.0, 80.0, 9.1, 77.8, 0.0, 40.0, 10.0, 10.0, 18.2, 20.0, 10.0, 10.0, 10.0, 10.0, 11.1, 10.0, 11.1, 9.1, 18.2, 11.1, 20.0, 10.0, 18.2]",32,5.93505859375
2025-07-21T11:09:52.498072,644716,pt_main_thread,61.2,1.9125,32,69.04,6.27,67,2025-07-21T11:09:52.601494,18.7,"[36.4, 9.1, 20.0, 0.0, 18.2, 0.0, 11.1, 0.0, 0.0, 80.0, 0.0, 0.0, 0.0, 90.9, 90.0, 0.0, 9.1, 0.0, 9.1, 9.1, 0.0, 25.0, 10.0, 0.0, 10.0, 9.1, 18.2, 9.1, 10.0, 10.0, 10.0, 9.1]",32,5.93505859375
2025-07-21T11:09:53.103450,644716,pt_main_thread,74.3,2.321875,32,69.46,6.3,67,2025-07-21T11:09:53.206115,17.1,"[20.0, 30.0, 0.0, 0.0, 12.5, 0.0, 20.0, 40.0, 0.0, 100.0, 0.0, 100.0, 22.2, 0.0, 40.0, 0.0, 10.0, 11.1, 0.0, 20.0, 18.2, 10.0, 10.0, 9.1, 0.0, 10.0, 10.0, 0.0, 0.0, 0.0, 10.0, 0.0]",32,5.85986328125
2025-07-21T11:09:53.706527,644716,pt_main_thread,61.3,1.915625,32,69.8,6.33,67,2025-07-21T11:09:53.807022,17.4,"[0.0, 0.0, 22.2, 9.1, 20.0, 0.0, 60.0, 0.0, 0.0, 100.0, 54.5, 0.0, 54.5, 0.0, 10.0, 100.0, 10.0, 10.0, 10.0, 0.0, 16.7, 0.0, 10.0, 10.0, 10.0, 0.0, 9.1, 10.0, 9.1, 0.0, 0.0, 0.0]",32,5.85986328125
2025-07-21T11:09:54.308085,644716,pt_main_thread,59.9,1.871875,32,70.14,6.35,67,2025-07-21T11:09:54.408534,19.1,"[11.1, 0.0, 30.0, 40.0, 40.0, 0.0, 60.0, 0.0, 40.0, 36.4, 30.0, 36.4, 60.0, 30.0, 60.0, 9.1, 10.0, 10.0, 10.0, 18.2, 10.0, 20.0, 20.0, 10.0, 10.0, 9.1, 0.0, 0.0, 0.0, 20.0, 0.0, 18.2]",32,5.85986328125
2025-07-21T11:09:54.908925,644716,pt_main_thread,63.2,1.975,32,70.49,6.38,67,2025-07-21T11:09:55.009638,17.8,"[18.2, 0.0, 20.0, 0.0, 54.5, 0.0, 20.0, 0.0, 27.3, 54.5, 36.4, 0.0, 0.0, 100.0, 0.0, 100.0, 25.0, 0.0, 0.0, 0.0, 0.0, 18.2, 0.0, 9.1, 10.0, 10.0, 9.1, 10.0, 10.0, 10.0, 0.0, 0.0]",32,5.85986328125
2025-07-21T11:09:55.510804,644716,pt_main_thread,63.2,1.975,32,70.85,6.4,67,2025-07-21T11:09:55.613269,17.4,"[30.0, 22.2, 60.0, 0.0, 22.2, 0.0, 25.0, 25.0, 20.0, 0.0, 40.0, 0.0, 0.0, 100.0, 90.0, 0.0, 10.0, 10.0, 18.2, 18.2, 10.0, 9.1, 10.0, 10.0, 0.0, 10.0, 9.1, 10.0, 10.0, 9.1, 9.1, 10.0]",32,5.85986328125
2025-07-21T11:09:56.113826,644716,pt_main_thread,61.3,1.915625,32,71.2,6.42,67,2025-07-21T11:09:56.215171,18.9,"[10.0, 10.0, 10.0, 0.0, 20.0, 0.0, 22.2, 0.0, 20.0, 0.0, 0.0, 100.0, 10.0, 90.0, 10.0, 90.9, 10.0, 11.1, 9.1, 10.0, 10.0, 10.0, 0.0, 11.1, 10.0, 20.0, 10.0, 9.1, 20.0, 10.0, 0.0, 0.0]",32,5.85986328125
