timestamp,interval_count,total_count,queue_size,max_queue_size,cpu_percent
2025-09-02T09:39:12.489341,100,100,1.0,1,0.0
2025-09-02T09:39:12.989571,103,203,1.0,1,9.7
2025-09-02T09:39:13.490091,59,262,1.0,1,6.8
2025-09-02T09:39:13.990415,24,286,1.0,1,6.2
2025-09-02T09:39:14.490710,16,302,1.0,1,6.1
2025-09-02T09:39:14.990999,34,336,1.0,1,9.4
2025-09-02T09:39:15.491279,30,366,1.0,1,6.5
2025-09-02T09:39:15.991572,13,379,1.0,1,6.3
2025-09-02T09:39:16.491842,64,443,1.0,1,9.5
2025-09-02T09:39:16.992171,1,444,1.0,1,4.5
2025-09-02T09:39:17.492487,0,444,1.0,1,4.4
2025-09-02T09:39:17.992790,113,557,1.0,1,7.0
2025-09-02T09:39:18.493091,72,629,1.0,1,10.1
2025-09-02T09:39:18.993466,106,735,1.0,1,7.5
2025-09-02T09:39:19.493840,3,738,1.0,1,5.9
2025-09-02T09:39:19.994127,15,753,1.0,1,8.0
2025-09-02T09:39:20.494429,50,803,1.0,1,6.8
2025-09-02T09:39:20.994655,0,803,1.0,1,6.0
2025-09-02T09:39:21.494903,0,803,1.0,1,4.6
2025-09-02T09:39:21.995132,0,803,1.0,1,6.8
2025-09-02T09:39:22.495418,0,803,1.0,1,5.5
2025-09-02T09:39:22.995645,0,803,1.0,1,5.6
2025-09-02T09:39:23.495871,7,810,1.0,1,5.5
2025-09-02T09:39:23.996133,9,819,1.0,1,6.4
2025-09-02T09:39:24.496350,23,842,1.0,1,6.0
2025-09-02T09:39:24.996649,0,842,1.0,1,4.5
2025-09-02T09:39:25.496881,0,842,1.0,1,4.3
2025-09-02T09:39:25.997112,0,842,1.0,1,9.9
2025-09-02T09:39:26.497352,0,842,1.0,1,9.6
2025-09-02T09:39:26.997575,0,842,1.0,1,6.0
2025-09-02T09:39:27.497801,0,842,1.0,1,14.5
2025-09-02T09:39:27.998047,0,842,1.0,1,15.2
2025-09-02T09:39:28.498285,4,846,1.0,1,11.2
2025-09-02T09:39:28.998471,7,853,1.0,1,15.7
2025-09-02T09:39:29.498688,0,853,1.0,1,16.6
2025-09-02T09:39:29.998923,1,854,1.0,1,9.9
2025-09-02T09:39:30.499161,0,854,1.0,1,6.1
2025-09-02T09:39:30.999401,0,854,1.0,1,6.7
2025-09-02T09:39:31.499628,0,854,1.0,1,8.2
2025-09-02T09:39:31.999852,0,854,1.0,1,5.9
2025-09-02T09:39:32.500161,3,857,1.0,1,7.1
2025-09-02T09:39:33.000519,3,860,1.0,1,8.0
2025-09-02T09:39:33.500815,3,863,1.0,1,9.2
2025-09-02T09:39:34.001117,0,863,1.0,1,4.3
2025-09-02T09:39:34.501421,0,863,1.0,1,4.3
2025-09-02T09:39:35.001752,0,863,1.0,1,5.5
2025-09-02T09:39:35.502064,0,863,1.0,1,6.3
2025-09-02T09:39:36.002369,69,932,1.0,1,8.5
2025-09-02T09:39:36.502629,2,934,1.0,1,6.2
2025-09-02T09:39:37.002890,64,998,1.0,1,9.8
2025-09-02T09:39:37.503282,50,1048,1.0,1,6.0
2025-09-02T09:39:38.003557,0,1048,1.0,1,5.4
2025-09-02T09:39:38.503855,0,1048,1.0,1,6.3
2025-09-02T09:39:39.004236,1,1049,1.0,1,4.2
2025-09-02T09:39:39.504577,0,1049,1.0,1,4.0
2025-09-02T09:39:40.004884,0,1049,1.0,1,4.2
2025-09-02T09:39:40.505224,0,1049,1.0,1,6.5
2025-09-02T09:39:41.005540,0,1049,1.0,1,5.9
2025-09-02T09:39:41.505877,42,1091,1.0,1,8.1
2025-09-02T09:39:42.006155,0,1091,1.0,1,9.6
2025-09-02T09:39:42.506546,0,1091,1.0,1,10.6
2025-09-02T09:39:43.006804,0,1091,1.0,1,10.0
2025-09-02T09:39:43.507105,0,1091,1.0,1,4.3
2025-09-02T09:39:44.007429,0,1091,1.0,1,4.0
2025-09-02T09:39:44.507781,1,1092,1.0,1,6.8
2025-09-02T09:39:45.008108,0,1092,1.0,1,5.7
2025-09-02T09:39:45.508480,0,1092,1.0,1,5.6
2025-09-02T09:39:46.008790,0,1092,1.0,1,4.4
2025-09-02T09:39:46.509067,6,1098,1.0,1,7.8
2025-09-02T09:39:47.009319,127,1225,1.0,1,7.5
2025-09-02T09:39:47.509626,1,1226,1.0,1,4.3
2025-09-02T09:39:48.009991,0,1226,1.0,1,4.1
2025-09-02T09:39:48.510299,0,1226,1.0,1,6.4
2025-09-02T09:39:49.010564,0,1226,1.0,1,4.0
2025-09-02T09:39:49.510801,0,1226,1.0,1,4.0
2025-09-02T09:39:50.011078,0,1226,1.0,1,6.5
2025-09-02T09:39:50.511392,0,1226,1.0,1,4.1
2025-09-02T09:39:51.011614,0,1226,1.0,1,4.3
2025-09-02T09:39:51.511869,0,1226,1.0,1,4.2
2025-09-02T09:39:52.012078,0,1226,1.0,1,4.1
2025-09-02T09:39:52.512301,0,1226,1.0,1,4.0
2025-09-02T09:39:53.012632,0,1226,1.0,1,4.3
2025-09-02T09:39:53.512921,0,1226,1.0,1,4.1
2025-09-02T09:39:54.013156,0,1226,1.0,1,7.0
2025-09-02T09:39:54.513402,0,1226,1.0,1,4.1
2025-09-02T09:39:55.013640,0,1226,1.0,1,4.2
2025-09-02T09:39:55.513871,0,1226,1.0,1,4.1
2025-09-02T09:39:56.014110,0,1226,1.0,1,6.2
2025-09-02T09:39:56.514340,0,1226,1.0,1,4.3
2025-09-02T09:39:57.014583,0,1226,1.0,1,4.1
2025-09-02T09:39:57.514810,0,1226,1.0,1,3.9
2025-09-02T09:39:58.015098,0,1226,1.0,1,6.9
2025-09-02T09:39:58.515407,0,1226,1.0,1,4.1
2025-09-02T09:39:59.015639,0,1226,1.0,1,4.3
2025-09-02T09:39:59.515864,0,1226,1.0,1,4.0
2025-09-02T09:40:00.016169,0,1226,1.0,1,6.6
2025-09-02T09:40:00.516426,0,1226,1.0,1,4.1
2025-09-02T09:40:01.016657,0,1226,1.0,1,4.1
2025-09-02T09:40:01.516908,0,1226,1.0,1,4.0
2025-09-02T09:40:02.017162,0,1226,1.0,1,6.1
2025-09-02T09:40:02.517390,0,1226,1.0,1,4.2
2025-09-02T09:40:03.017602,0,1226,1.0,1,4.1
2025-09-02T09:40:03.517826,0,1226,1.0,1,4.1
2025-09-02T09:40:04.018049,0,1226,1.0,1,6.8
2025-09-02T09:40:04.518267,0,1226,1.0,1,4.5
2025-09-02T09:40:05.018639,0,1226,1.0,1,4.1
2025-09-02T09:40:05.518864,0,1226,1.0,1,4.0
2025-09-02T09:40:06.019155,0,1226,1.0,1,4.8
2025-09-02T09:40:06.519422,0,1226,1.0,1,5.9
2025-09-02T09:40:07.019655,0,1226,1.0,1,4.2
2025-09-02T09:40:07.519879,0,1226,1.0,1,4.2
2025-09-02T09:40:08.020208,0,1226,1.0,1,5.7
2025-09-02T09:40:08.520534,0,1226,1.0,1,7.3
2025-09-02T09:40:09.020847,0,1226,1.0,1,4.6
2025-09-02T09:40:09.521201,5,1231,1.0,1,5.7
2025-09-02T09:40:10.021483,3,1234,1.0,1,12.0
2025-09-02T09:40:10.521794,4,1238,1.0,1,7.8
2025-09-02T09:40:11.022096,0,1238,1.0,1,6.6
2025-09-02T09:40:11.522414,22,1260,1.0,1,8.1
2025-09-02T09:40:12.022847,54,1314,1.0,1,10.0
2025-09-02T09:40:12.523183,0,1314,1.0,1,5.1
2025-09-02T09:40:13.023492,0,1314,1.0,1,4.3
2025-09-02T09:40:13.523811,13,1327,1.0,1,4.6
2025-09-02T09:40:14.024144,1,1328,1.0,1,7.7
2025-09-02T09:40:14.524525,0,1328,1.0,1,4.1
2025-09-02T09:40:15.024817,51,1379,1.0,1,5.7
2025-09-02T09:40:15.525169,5,1384,1.0,1,7.5
2025-09-02T09:40:16.025448,1,1385,1.0,1,4.0
2025-09-02T09:40:16.525739,0,1385,1.0,1,4.1
2025-09-02T09:40:17.026091,0,1385,1.0,1,4.0
2025-09-02T09:40:17.526448,0,1385,1.0,1,6.3
2025-09-02T09:40:18.026728,14,1399,1.0,1,6.0
2025-09-02T09:40:18.526923,12,1411,1.0,1,6.8
2025-09-02T09:40:19.027186,0,1411,1.0,1,4.0
2025-09-02T09:40:19.527399,0,1411,1.0,1,6.4
2025-09-02T09:40:20.027663,0,1411,1.0,1,4.4
2025-09-02T09:40:20.527883,0,1411,1.0,1,4.1
2025-09-02T09:40:21.028107,0,1411,1.0,1,4.0
2025-09-02T09:40:21.528399,0,1411,1.0,1,6.8
2025-09-02T09:40:22.028695,0,1411,1.0,1,4.2
2025-09-02T09:40:22.528918,0,1411,1.0,1,3.9
2025-09-02T09:40:23.029139,0,1411,1.0,1,4.5
2025-09-02T09:40:23.535656,12,1423,1.0,1,7.0
2025-09-02T09:40:24.035881,28,1451,1.0,1,8.9
2025-09-02T09:40:24.536130,5,1456,1.0,1,6.0
2025-09-02T09:40:25.036395,2,1458,1.0,1,5.1
2025-09-02T09:40:25.536611,0,1458,1.0,1,7.6
2025-09-02T09:40:26.036828,2,1460,1.0,1,5.0
2025-09-02T09:40:26.537039,0,1460,1.0,1,4.1
2025-09-02T09:40:27.037261,0,1460,1.0,1,3.9
2025-09-02T09:40:27.537479,9,1469,1.0,1,6.5
2025-09-02T09:40:28.037699,0,1469,1.0,1,4.3
2025-09-02T09:40:28.537952,0,1469,1.0,1,4.1
2025-09-02T09:40:29.038272,0,1469,1.0,1,4.0
2025-09-02T09:40:29.538488,1,1470,1.0,1,6.2
2025-09-02T09:40:30.038712,2,1472,1.0,1,4.5
2025-09-02T09:40:30.538920,7,1479,1.0,1,4.8
2025-09-02T09:40:31.040880,20,1499,1.0,1,8.6
2025-09-02T09:40:31.541147,5,1504,1.0,1,10.4
2025-09-02T09:40:32.041370,1,1505,1.0,1,4.6
2025-09-02T09:40:32.541592,0,1505,1.0,1,4.1
2025-09-02T09:40:33.041786,0,1505,1.0,1,4.3
2025-09-02T09:40:33.542005,0,1505,1.0,1,6.2
2025-09-02T09:40:34.042224,0,1505,1.0,1,4.1
2025-09-02T09:40:34.542453,0,1505,1.0,1,4.4
2025-09-02T09:40:35.042686,0,1505,1.0,1,3.9
2025-09-02T09:40:35.542919,0,1505,1.0,1,6.8
2025-09-02T09:40:36.043151,0,1505,1.0,1,7.1
2025-09-02T09:40:36.543371,0,1505,1.0,1,6.2
2025-09-02T09:40:37.043591,0,1505,1.0,1,6.0
2025-09-02T09:40:37.543818,0,1505,1.0,1,10.9
2025-09-02T09:40:38.044028,0,1505,1.0,1,5.3
2025-09-02T09:40:38.544255,0,1505,1.0,1,4.4
2025-09-02T09:40:39.044473,0,1505,1.0,1,5.0
2025-09-02T09:40:39.544715,0,1505,1.0,1,11.7
2025-09-02T09:40:40.044951,0,1505,1.0,1,5.6
2025-09-02T09:40:40.545233,0,1505,1.0,1,9.2
2025-09-02T09:40:41.045478,0,1505,1.0,1,11.4
2025-09-02T09:40:41.545724,0,1505,1.0,1,9.1
2025-09-02T09:40:42.045953,0,1505,1.0,1,7.5
2025-09-02T09:40:42.546193,0,1505,1.0,1,4.1
2025-09-02T09:40:43.046445,0,1505,1.0,1,4.3
2025-09-02T09:40:43.546677,0,1505,1.0,1,6.2
2025-09-02T09:40:44.046916,0,1505,1.0,1,3.9
2025-09-02T09:40:44.547163,0,1505,1.0,1,4.0
2025-09-02T09:40:45.047402,0,1505,1.0,1,3.9
2025-09-02T09:40:45.547667,0,1505,1.0,1,6.5
2025-09-02T09:40:46.047911,0,1505,1.0,1,8.3
2025-09-02T09:40:46.548168,2,1507,1.0,1,15.6
2025-09-02T09:40:47.048417,3,1510,1.0,1,12.8
2025-09-02T09:40:47.548669,0,1510,1.0,1,13.4
2025-09-02T09:40:48.048942,0,1510,1.0,1,6.0
2025-09-02T09:40:48.549173,0,1510,1.0,1,11.7
2025-09-02T09:40:49.049392,0,1510,1.0,1,7.0
2025-09-02T09:40:49.549612,0,1510,1.0,1,8.2
2025-09-02T09:40:50.049830,0,1510,1.0,1,5.0
2025-09-02T09:40:50.550108,0,1510,1.0,1,4.3
2025-09-02T09:40:51.050347,0,1510,1.0,1,7.4
2025-09-02T09:40:51.550596,0,1510,1.0,1,12.6
2025-09-02T09:40:52.050835,1,1511,1.0,1,11.1
2025-09-02T09:40:52.551072,0,1511,1.0,1,7.5
2025-09-02T09:40:53.051304,0,1511,1.0,1,8.9
2025-09-02T09:40:53.551538,0,1511,1.0,1,4.1
2025-09-02T09:40:54.051767,0,1511,1.0,1,4.7
2025-09-02T09:40:54.551999,91,1602,1.0,1,6.5
2025-09-02T09:40:55.052225,101,1703,1.0,1,8.9
2025-09-02T09:40:55.552456,85,1788,1.0,1,7.7
2025-09-02T09:40:56.052688,39,1827,1.0,1,7.3
2025-09-02T09:40:56.552967,40,1867,1.0,1,9.6
2025-09-02T09:40:57.053192,32,1899,1.0,1,8.1
2025-09-02T09:40:57.553475,56,1955,1.0,1,14.9
2025-09-02T09:40:58.053722,10,1965,1.0,1,12.9
2025-09-02T09:40:58.553967,29,1994,1.0,1,11.6
2025-09-02T09:40:59.054188,31,2025,1.0,1,9.8
2025-09-02T09:40:59.554416,5,2030,1.0,1,7.0
2025-09-02T09:41:00.054642,0,2030,1.0,1,5.9
2025-09-02T09:41:00.554866,50,2080,1.0,1,10.5
2025-09-02T09:41:01.055134,1,2081,1.0,1,6.2
2025-09-02T09:41:01.555389,24,2105,1.0,1,7.0
2025-09-02T09:41:02.055594,29,2134,1.0,1,9.4
2025-09-02T09:41:02.555860,15,2149,1.0,1,8.3
2025-09-02T09:41:03.056090,0,2149,1.0,1,4.5
2025-09-02T09:41:03.556333,2,2151,1.0,1,4.2
2025-09-02T09:41:04.056569,32,2183,1.0,1,15.3
2025-09-02T09:41:04.556814,0,2183,1.0,1,11.0
2025-09-02T09:41:05.057053,0,2183,1.0,1,6.2
2025-09-02T09:41:05.557261,41,2224,1.0,1,8.8
2025-09-02T09:41:06.057453,71,2295,1.0,1,15.3
2025-09-02T09:41:06.557673,53,2348,1.0,1,10.6
2025-09-02T09:41:07.057889,83,2431,1.0,1,7.6
2025-09-02T09:41:07.558117,76,2507,1.0,1,17.4
2025-09-02T09:41:08.058371,45,2552,1.0,1,10.1
2025-09-02T09:41:08.558604,2,2554,1.0,1,6.0
2025-09-02T09:41:09.058873,0,2554,1.0,1,5.5
2025-09-02T09:41:09.559103,2,2556,1.0,1,5.5
2025-09-02T09:41:10.059375,6,2562,1.0,1,4.6
2025-09-02T09:41:10.559622,1,2563,1.0,1,4.3
2025-09-02T09:41:11.059841,0,2563,1.0,1,4.4
2025-09-02T09:41:11.560061,0,2563,1.0,1,7.9
2025-09-02T09:41:12.060276,0,2563,1.0,1,5.2
2025-09-02T09:41:12.560490,0,2563,1.0,1,13.7
2025-09-02T09:41:13.060732,0,2563,1.0,1,10.6
2025-09-02T09:41:13.560960,1,2564,1.0,1,8.7
2025-09-02T09:41:14.061182,1,2565,1.0,1,5.5
2025-09-02T09:41:14.561410,0,2565,1.0,1,4.1
2025-09-02T09:41:15.061683,0,2565,1.0,1,6.5
2025-09-02T09:41:15.561907,0,2565,1.0,1,10.0
2025-09-02T09:41:16.062144,0,2565,1.0,1,8.5
2025-09-02T09:41:16.562387,8,2573,1.0,1,6.9
2025-09-02T09:41:17.062622,0,2573,1.0,1,14.7
2025-09-02T09:41:17.562857,1,2574,1.0,1,11.2
2025-09-02T09:41:18.063090,0,2574,1.0,1,12.3
2025-09-02T09:41:18.563377,0,2574,1.0,1,7.8
2025-09-02T09:41:19.063620,0,2574,1.0,1,7.9
2025-09-02T09:41:19.563880,0,2574,1.0,1,13.4
2025-09-02T09:41:20.064115,0,2574,1.0,1,5.8
2025-09-02T09:41:20.564357,0,2574,1.0,1,9.5
2025-09-02T09:41:21.064606,0,2574,1.0,1,10.5
2025-09-02T09:41:21.564828,0,2574,1.0,1,9.1
2025-09-02T09:41:22.065101,1,2575,1.0,1,13.1
2025-09-02T09:41:22.565407,1,2576,1.0,1,11.3
2025-09-02T09:41:23.065655,1,2577,1.0,1,7.3
2025-09-02T09:41:23.565877,0,2577,1.0,1,6.2
2025-09-02T09:41:24.066101,0,2577,1.0,1,4.4
2025-09-02T09:41:24.566323,0,2577,1.0,1,4.1
2025-09-02T09:41:25.066521,0,2577,1.0,1,4.3
2025-09-02T09:41:25.566736,0,2577,1.0,1,6.4
2025-09-02T09:41:26.066955,0,2577,1.0,1,6.9
2025-09-02T09:41:26.567191,0,2577,1.0,1,11.7
2025-09-02T09:41:27.067424,0,2577,1.0,1,8.0
2025-09-02T09:41:27.567645,0,2577,1.0,1,13.1
2025-09-02T09:41:28.067887,0,2577,1.0,1,9.8
2025-09-02T09:41:28.568114,0,2577,1.0,1,4.7
2025-09-02T09:41:29.068364,0,2577,1.0,1,7.0
2025-09-02T09:41:29.568638,0,2577,1.0,1,6.7
2025-09-02T09:41:30.068887,0,2577,1.0,1,12.1
2025-09-02T09:41:30.569113,0,2577,1.0,1,8.0
2025-09-02T09:41:31.069362,0,2577,1.0,1,6.4
2025-09-02T09:41:31.569659,3,2580,1.0,1,8.0
2025-09-02T09:41:32.069905,3,2583,1.0,1,8.4
2025-09-02T09:41:32.570131,0,2583,1.0,1,4.4
2025-09-02T09:41:33.070367,0,2583,1.0,1,4.5
2025-09-02T09:41:33.570598,0,2583,1.0,1,6.3
2025-09-02T09:41:34.070901,0,2583,1.0,1,4.3
2025-09-02T09:41:34.571165,0,2583,1.0,1,4.2
2025-09-02T09:41:35.071385,0,2583,1.0,1,4.1
2025-09-02T09:41:35.571662,0,2583,1.0,1,6.4
2025-09-02T09:41:36.071877,0,2583,1.0,1,4.6
2025-09-02T09:41:36.572098,0,2583,1.0,1,4.4
2025-09-02T09:41:37.072317,0,2583,1.0,1,4.1
2025-09-02T09:41:37.572600,0,2583,1.0,1,5.2
2025-09-02T09:41:38.072834,0,2583,1.0,1,7.7
2025-09-02T09:41:38.573067,0,2583,1.0,1,4.5
2025-09-02T09:41:39.073295,0,2583,1.0,1,4.8
2025-09-02T09:41:39.573561,2,2585,1.0,1,7.2
2025-09-02T09:41:40.098017,7,2592,1.0,1,9.6
2025-09-02T09:41:40.598225,121,2713,1.0,1,6.6
2025-09-02T09:41:41.098445,86,2799,1.0,1,5.8
2025-09-02T09:41:41.598754,56,2855,1.0,1,8.7
2025-09-02T09:41:42.099272,1,2856,1.0,1,4.3
2025-09-02T09:41:42.599445,72,2928,1.0,1,6.1
2025-09-02T09:41:43.099661,93,3021,1.0,1,9.2
2025-09-02T09:41:43.599869,1,3022,1.0,1,5.2
2025-09-02T09:41:44.100092,0,3022,1.0,1,4.5
2025-09-02T09:41:44.600307,0,3022,1.0,1,4.1
2025-09-02T09:41:45.100537,0,3022,1.0,1,8.4
2025-09-02T09:41:45.600770,0,3022,1.0,1,5.1
2025-09-02T09:41:46.101100,13,3035,1.0,1,12.5
2025-09-02T09:41:46.601360,129,3164,1.0,1,14.7
2025-09-02T09:41:47.101565,64,3228,1.0,1,9.7
2025-09-02T09:41:47.601808,49,3277,1.0,1,6.7
2025-09-02T09:41:48.102024,13,3290,1.0,1,5.5
2025-09-02T09:41:48.602232,1,3291,1.0,1,4.2
2025-09-02T09:41:49.102488,0,3291,1.0,1,15.4
2025-09-02T09:41:49.602711,0,3291,1.0,1,6.1
2025-09-02T09:41:50.102953,0,3291,1.0,1,10.2
2025-09-02T09:41:50.603167,62,3353,1.0,1,12.2
2025-09-02T09:41:51.103452,46,3399,1.0,1,10.9
2025-09-02T09:41:51.603652,99,3498,1.0,1,9.1
2025-09-02T09:41:52.103870,63,3561,1.0,1,9.1
2025-09-02T09:41:52.604143,65,3626,1.0,1,8.1
2025-09-02T09:41:53.104434,60,3686,1.0,1,8.5
2025-09-02T09:41:53.604644,15,3701,1.0,1,4.4
2025-09-02T09:41:54.104876,8,3709,1.0,1,6.4
2025-09-02T09:41:54.605110,0,3709,1.0,1,4.3
2025-09-02T09:41:55.105370,2,3711,1.0,1,6.7
2025-09-02T09:41:55.605598,52,3763,1.0,1,10.0
2025-09-02T09:41:56.105804,15,3778,1.0,1,4.5
2025-09-02T09:41:56.606065,4,3782,1.0,1,7.7
2025-09-02T09:41:57.106292,1,3783,1.0,1,7.2
2025-09-02T09:41:57.606532,0,3783,1.0,1,7.7
2025-09-02T09:41:58.106781,0,3783,1.0,1,7.6
2025-09-02T09:41:58.607026,36,3819,1.0,1,14.6
2025-09-02T09:41:59.107296,87,3906,1.0,1,11.4
2025-09-02T09:41:59.607467,0,3906,1.0,1,6.2
2025-09-02T09:42:00.107691,68,3974,1.0,1,6.3
2025-09-02T09:42:00.607894,65,4039,1.0,1,6.0
2025-09-02T09:42:01.108112,0,4039,1.0,1,6.3
2025-09-02T09:42:01.608344,33,4072,1.0,1,5.9
2025-09-02T09:42:02.108574,0,4072,1.0,1,4.1
2025-09-02T09:42:02.608790,96,4168,1.0,1,8.6
2025-09-02T09:42:03.109067,85,4253,1.0,1,7.1
2025-09-02T09:42:03.609276,50,4303,1.0,1,5.8
2025-09-02T09:42:04.109609,77,4380,1.0,1,8.0
2025-09-02T09:42:04.609879,47,4427,1.0,1,5.5
2025-09-02T09:42:05.110219,38,4465,1.0,1,5.4
2025-09-02T09:42:05.610486,73,4538,1.0,1,6.2
2025-09-02T09:42:06.110778,0,4538,1.0,1,11.8
2025-09-02T09:42:06.611144,0,4538,1.0,1,10.5
2025-09-02T09:42:07.111470,72,4610,1.0,1,7.8
2025-09-02T09:42:07.611829,31,4641,1.0,1,7.6
2025-09-02T09:42:08.112155,23,4664,1.0,1,10.9
2025-09-02T09:42:08.612524,9,4673,1.0,1,11.1
2025-09-02T09:42:09.112829,0,4673,1.0,1,5.7
2025-09-02T09:42:09.613140,7,4680,1.0,1,8.4
2025-09-02T09:42:10.113473,0,4680,1.0,1,11.2
2025-09-02T09:42:10.613699,5,4685,1.0,1,10.6
2025-09-02T09:42:11.114438,120,4805,1.0,1,15.5
2025-09-02T09:42:11.614675,158,4963,1.0,1,13.1
2025-09-02T09:42:12.114956,165,5128,1.0,1,8.4
2025-09-02T09:42:12.615139,120,5248,1.0,1,7.0
2025-09-02T09:42:13.115325,69,5317,1.0,1,8.5
2025-09-02T09:42:13.615533,56,5373,1.0,1,5.7
2025-09-02T09:42:14.115742,103,5476,1.0,1,6.0
2025-09-02T09:42:14.615976,101,5577,1.0,1,9.2
2025-09-02T09:42:15.116200,121,5698,1.0,1,7.3
2025-09-02T09:42:15.616401,58,5756,1.0,1,5.2
2025-09-02T09:42:16.116725,150,5906,1.0,1,6.9
2025-09-02T09:42:16.617005,120,6026,1.0,1,10.9
2025-09-02T09:42:17.117212,73,6099,1.0,1,7.9
2025-09-02T09:42:17.617421,85,6184,1.0,1,8.1
2025-09-02T09:42:18.117828,60,6244,1.0,1,10.5
2025-09-02T09:42:18.618058,91,6335,1.0,1,16.9
2025-09-02T09:42:19.118344,121,6456,1.0,1,14.2
2025-09-02T09:42:19.618590,122,6578,1.0,1,12.6
2025-09-02T09:42:20.118842,97,6675,1.0,1,8.7
2025-09-02T09:42:20.619086,123,6798,1.0,1,11.7
2025-09-02T09:42:21.119331,102,6900,1.0,1,16.0
2025-09-02T09:42:21.619618,124,7024,1.0,1,13.7
2025-09-02T09:42:22.119833,112,7136,1.0,1,10.1
2025-09-02T09:42:22.620071,125,7261,1.0,1,9.6
2025-09-02T09:42:23.120269,47,7308,1.0,1,8.0
2025-09-02T09:42:23.620451,132,7440,1.0,1,10.3
2025-09-02T09:42:24.120823,147,7587,1.0,1,13.9
2025-09-02T09:42:24.621174,87,7674,1.0,1,16.7
2025-09-02T09:42:25.121528,79,7753,1.0,1,10.7
2025-09-02T09:42:25.621802,70,7823,1.0,1,11.2
2025-09-02T09:42:26.122065,108,7931,1.0,1,11.3
2025-09-02T09:42:26.622376,114,8045,1.0,1,8.6
2025-09-02T09:42:27.122682,99,8144,1.0,1,8.6
2025-09-02T09:42:27.622953,79,8223,1.0,1,10.8
2025-09-02T09:42:28.123233,106,8329,1.0,1,8.8
2025-09-02T09:42:28.623482,95,8424,1.0,1,16.6
2025-09-02T09:42:29.123735,116,8540,1.0,1,14.0
2025-09-02T09:42:29.623968,109,8649,1.0,1,12.2
2025-09-02T09:42:30.124194,27,8676,1.0,1,7.8
2025-09-02T09:42:30.624409,41,8717,1.0,1,10.9
2025-09-02T09:42:31.124659,16,8733,1.0,1,16.2
2025-09-02T09:42:31.624995,76,8809,1.0,1,9.6
2025-09-02T09:42:32.125253,1,8810,1.0,1,8.9
2025-09-02T09:42:32.625456,62,8872,1.0,1,8.7
2025-09-02T09:42:33.125658,47,8919,1.0,1,10.3
2025-09-02T09:42:33.625928,104,9023,1.0,1,12.4
2025-09-02T09:42:34.126180,55,9078,1.0,1,16.7
2025-09-02T09:42:34.626528,1,9079,1.0,1,11.7
2025-09-02T09:42:35.126762,12,9091,1.0,1,9.7
2025-09-02T09:42:35.626980,37,9128,1.0,1,6.0
2025-09-02T09:42:36.127212,0,9128,1.0,1,4.1
2025-09-02T09:42:36.627570,0,9128,1.0,1,6.4
2025-09-02T09:42:37.127862,0,9128,1.0,1,4.3
2025-09-02T09:42:37.628091,30,9158,1.0,1,6.0
2025-09-02T09:42:38.128364,56,9214,1.0,1,8.2
2025-09-02T09:42:38.628584,11,9225,1.0,1,8.0
2025-09-02T09:42:39.128826,1,9226,1.0,1,4.8
2025-09-02T09:42:39.629027,34,9260,1.0,1,6.4
2025-09-02T09:42:40.129244,25,9285,1.0,1,5.7
2025-09-02T09:42:40.629481,0,9285,1.0,1,6.6
2025-09-02T09:42:41.129722,1,9286,1.0,1,4.2
2025-09-02T09:42:41.629960,0,9286,1.0,1,4.3
2025-09-02T09:42:42.130198,0,9286,1.0,1,6.8
2025-09-02T09:42:42.630439,0,9286,1.0,1,4.2
2025-09-02T09:42:43.130735,0,9286,1.0,1,4.8
2025-09-02T09:42:43.630963,26,9312,1.0,1,8.0
2025-09-02T09:42:44.131228,11,9323,1.0,1,9.9
2025-09-02T09:42:44.631464,27,9350,1.0,1,8.7
2025-09-02T09:42:45.131659,38,9388,1.0,1,6.8
2025-09-02T09:42:45.631842,32,9420,1.0,1,5.9
2025-09-02T09:42:46.132045,49,9469,1.0,1,8.5
2025-09-02T09:42:46.632263,21,9490,1.0,1,5.9
2025-09-02T09:42:47.132502,0,9490,1.0,1,5.8
2025-09-02T09:42:47.632826,0,9490,1.0,1,13.5
2025-09-02T09:42:48.133102,0,9490,1.0,1,11.3
2025-09-02T09:42:48.633353,55,9545,1.0,1,10.1
2025-09-02T09:42:49.133579,107,9652,1.0,1,10.4
2025-09-02T09:42:49.633799,21,9673,1.0,1,10.0
2025-09-02T09:42:50.134120,6,9679,1.0,1,9.0
2025-09-02T09:42:50.634409,60,9739,1.0,1,15.4
2025-09-02T09:42:51.134688,99,9838,1.0,1,12.0
2025-09-02T09:42:51.634985,20,9858,1.0,1,8.2
2025-09-02T09:42:52.135195,10,9868,1.0,1,8.0
2025-09-02T09:42:52.635387,115,9983,1.0,1,6.7
2025-09-02T09:42:53.135585,124,10107,1.0,1,9.6
2025-09-02T09:42:53.635792,67,10174,1.0,1,6.5
2025-09-02T09:42:54.136014,108,10282,1.0,1,6.2
2025-09-02T09:42:54.636482,89,10371,1.0,1,8.7
2025-09-02T09:42:55.136752,89,10460,1.0,1,7.4
2025-09-02T09:42:55.637114,116,10576,1.0,1,6.5
2025-09-02T09:42:56.137460,82,10658,1.0,1,8.5
2025-09-02T09:42:56.637692,68,10726,1.0,1,6.5
2025-09-02T09:42:57.137919,45,10771,1.0,1,5.2
2025-09-02T09:42:57.638116,65,10836,1.0,1,6.4
2025-09-02T09:42:58.138327,30,10866,1.0,1,8.7
2025-09-02T09:42:58.638557,3,10869,1.0,1,4.2
2025-09-02T09:42:59.138781,71,10940,1.0,1,6.3
2025-09-02T09:42:59.638969,90,11030,1.0,1,9.3
2025-09-02T09:43:00.139199,82,11112,1.0,1,6.3
2025-09-02T09:43:00.639406,77,11189,1.0,1,6.1
2025-09-02T09:43:01.139791,78,11267,1.0,1,6.3
2025-09-02T09:43:01.640071,79,11346,1.0,1,7.8
2025-09-02T09:43:02.140494,123,11469,1.0,1,6.0
2025-09-02T09:43:02.640854,153,11622,1.0,1,6.9
2025-09-02T09:43:03.141152,85,11707,1.0,1,9.0
2025-09-02T09:43:03.641512,1,11708,1.0,1,4.2
2025-09-02T09:43:04.141717,22,11730,1.0,1,4.5
2025-09-02T09:43:04.641900,71,11801,1.0,1,8.2
2025-09-02T09:43:05.142157,49,11850,1.0,1,5.8
2025-09-02T09:43:05.642391,27,11877,1.0,1,5.6
2025-09-02T09:43:06.142606,20,11897,1.0,1,5.8
2025-09-02T09:43:06.642817,12,11909,1.0,1,6.8
2025-09-02T09:43:07.143008,93,12002,1.0,1,6.2
2025-09-02T09:43:07.643195,87,12089,1.0,1,6.7
2025-09-02T09:43:08.143440,50,12139,1.0,1,9.4
2025-09-02T09:43:08.643752,36,12175,1.0,1,8.4
2025-09-02T09:43:09.144004,63,12238,1.0,1,9.0
2025-09-02T09:43:09.644273,78,12316,1.0,1,9.1
2025-09-02T09:43:10.144484,26,12342,1.0,1,11.8
2025-09-02T09:43:10.644784,0,12342,1.0,1,7.6
2025-09-02T09:43:11.145020,0,12342,1.0,1,5.9
2025-09-02T09:43:11.645281,0,12342,1.0,1,15.5
2025-09-02T09:43:12.145480,0,12342,1.0,1,7.8
2025-09-02T09:43:12.645736,0,12342,1.0,1,6.4
2025-09-02T09:43:13.145966,0,12342,1.0,1,6.2
2025-09-02T09:43:13.646205,0,12342,1.0,1,7.0
2025-09-02T09:43:14.146494,0,12342,1.0,1,4.1
2025-09-02T09:43:14.646717,0,12342,1.0,1,4.1
2025-09-02T09:43:15.146963,1,12343,1.0,1,10.3
2025-09-02T09:43:15.647207,0,12343,1.0,1,15.3
2025-09-02T09:43:16.147478,1,12344,1.0,1,7.8
2025-09-02T09:43:16.647705,3,12347,1.0,1,10.9
2025-09-02T09:43:17.148013,2,12349,1.0,1,7.6
2025-09-02T09:43:17.648260,37,12386,1.0,1,9.9
2025-09-02T09:43:18.148459,44,12430,1.0,1,8.2
2025-09-02T09:43:18.648730,62,12492,1.0,1,8.8
2025-09-02T09:43:19.148970,77,12569,1.0,1,11.8
2025-09-02T09:43:19.649225,69,12638,1.0,1,12.7
2025-09-02T09:43:20.149466,31,12669,1.0,1,9.9
2025-09-02T09:43:20.649700,22,12691,1.0,1,10.4
2025-09-02T09:43:21.150084,42,12733,1.0,1,17.3
2025-09-02T09:43:21.650354,5,12738,1.0,1,11.9
2025-09-02T09:43:22.150598,0,12738,1.0,1,8.8
2025-09-02T09:43:22.650829,0,12738,1.0,1,5.8
2025-09-02T09:43:23.151053,8,12746,1.0,1,7.5
2025-09-02T09:43:23.651355,106,12852,1.0,1,15.3
2025-09-02T09:43:24.151597,139,12991,1.0,1,11.7
2025-09-02T09:43:24.651947,148,13139,1.0,1,9.8
2025-09-02T09:43:25.152160,117,13256,1.0,1,17.2
2025-09-02T09:43:25.652390,63,13319,1.0,1,13.4
2025-09-02T09:43:26.152947,101,13420,1.0,1,11.4
2025-09-02T09:43:26.653144,96,13516,1.0,1,12.9
2025-09-02T09:43:27.153375,118,13634,1.0,1,8.0
2025-09-02T09:43:27.653592,145,13779,1.0,1,7.2
2025-09-02T09:43:28.153848,123,13902,1.0,1,6.6
2025-09-02T09:43:28.654166,115,14017,1.0,1,9.2
2025-09-02T09:43:29.154474,109,14126,1.0,1,7.2
2025-09-02T09:43:29.654778,94,14220,1.0,1,7.2
2025-09-02T09:43:30.155022,89,14309,1.0,1,16.5
2025-09-02T09:43:30.655221,89,14398,1.0,1,11.6
2025-09-02T09:43:31.155429,107,14505,1.0,1,7.7
2025-09-02T09:43:31.655714,39,14544,1.0,1,15.1
2025-09-02T09:43:32.155951,55,14599,1.0,1,11.3
2025-09-02T09:43:32.656182,84,14683,1.0,1,8.1
2025-09-02T09:43:33.156385,120,14803,1.0,1,9.2
2025-09-02T09:43:33.656620,82,14885,1.0,1,8.7
2025-09-02T09:43:34.156814,94,14979,1.0,1,6.7
2025-09-02T09:43:34.657024,39,15018,1.0,1,7.9
2025-09-02T09:43:35.157226,80,15098,1.0,1,17.0
2025-09-02T09:43:35.657469,67,15165,1.0,1,11.0
2025-09-02T09:43:36.157694,47,15212,1.0,1,9.0
2025-09-02T09:43:36.657965,28,15240,1.0,1,6.0
2025-09-02T09:43:37.158175,43,15283,1.0,1,10.2
2025-09-02T09:43:37.658461,50,15333,1.0,1,6.6
2025-09-02T09:43:38.159213,88,15421,1.0,1,8.1
2025-09-02T09:43:38.659494,87,15508,1.0,1,10.9
2025-09-02T09:43:39.159724,48,15556,1.0,1,8.7
2025-09-02T09:43:39.659946,68,15624,1.0,1,9.3
2025-09-02T09:43:40.160249,38,15662,1.0,1,9.6
2025-09-02T09:43:40.660503,43,15705,1.0,1,12.3
2025-09-02T09:43:41.160827,30,15735,1.0,1,10.9
2025-09-02T09:43:41.661181,32,15767,1.0,1,8.8
2025-09-02T09:43:42.161494,10,15777,1.0,1,8.9
2025-09-02T09:43:42.661853,19,15796,1.0,1,9.2
2025-09-02T09:43:43.162199,0,15796,1.0,1,7.6
2025-09-02T09:43:43.662541,0,15796,1.0,1,8.0
2025-09-02T09:43:44.162848,0,15796,1.0,1,6.0
2025-09-02T09:43:44.663125,26,15822,1.0,1,8.3
2025-09-02T09:43:45.163443,8,15830,1.0,1,8.6
2025-09-02T09:43:45.663679,35,15865,1.0,1,15.1
2025-09-02T09:43:46.163905,38,15903,1.0,1,10.5
2025-09-02T09:43:46.664158,17,15920,1.0,1,8.2
2025-09-02T09:43:47.164402,25,15945,1.0,1,11.7
2025-09-02T09:43:47.664644,26,15971,1.0,1,8.6
2025-09-02T09:43:48.164899,13,15984,1.0,1,7.6
2025-09-02T09:43:48.665127,11,15995,1.0,1,10.9
2025-09-02T09:43:49.165374,34,16029,1.0,1,9.3
2025-09-02T09:43:49.665743,25,16054,1.0,1,8.6
2025-09-02T09:43:50.166030,47,16101,1.0,1,11.9
2025-09-02T09:43:50.666274,43,16144,1.0,1,8.3
2025-09-02T09:43:51.166501,47,16191,1.0,1,9.5
2025-09-02T09:43:51.666685,37,16228,1.0,1,7.6
2025-09-02T09:43:52.166910,11,16239,1.0,1,7.8
2025-09-02T09:43:52.667144,45,16284,1.0,1,7.2
2025-09-02T09:43:53.167355,17,16301,1.0,1,7.6
2025-09-02T09:43:53.667630,39,16340,1.0,1,11.9
2025-09-02T09:43:54.167865,44,16384,1.0,1,9.1
2025-09-02T09:43:54.668106,50,16434,1.0,1,7.8
2025-09-02T09:43:55.168348,30,16464,1.0,1,7.3
2025-09-02T09:43:55.668583,51,16515,1.0,1,10.8
2025-09-02T09:43:56.168811,67,16582,1.0,1,8.6
2025-09-02T09:43:56.669049,39,16621,1.0,1,7.1
2025-09-02T09:43:57.169240,15,16636,1.0,1,8.6
2025-09-02T09:43:57.669434,34,16670,1.0,1,6.2
2025-09-02T09:43:58.169635,85,16755,1.0,1,6.9
2025-09-02T09:43:58.669864,64,16819,1.0,1,11.1
2025-09-02T09:43:59.170103,28,16847,1.0,1,8.4
2025-09-02T09:43:59.670331,27,16874,1.0,1,7.0
2025-09-02T09:44:00.170542,36,16910,1.0,1,8.6
2025-09-02T09:44:00.670784,31,16941,1.0,1,8.5
2025-09-02T09:44:01.171037,32,16973,1.0,1,8.7
2025-09-02T09:44:01.671233,67,17040,1.0,1,9.6
2025-09-02T09:44:02.171458,38,17078,1.0,1,10.3
2025-09-02T09:44:02.671699,34,17112,1.0,1,10.9
2025-09-02T09:44:03.171894,46,17158,1.0,1,12.8
2025-09-02T09:44:03.672150,44,17202,1.0,1,11.8
2025-09-02T09:44:04.172370,48,17250,1.0,1,13.0
2025-09-02T09:44:04.672647,8,17258,1.0,1,11.1
2025-09-02T09:44:05.172897,1,17259,1.0,1,10.4
2025-09-02T09:44:05.673126,7,17266,1.0,1,9.9
2025-09-02T09:44:06.173361,2,17268,1.0,1,14.8
2025-09-02T09:44:06.673559,29,17297,1.0,1,9.9
2025-09-02T09:44:07.173761,72,17369,1.0,1,7.5
2025-09-02T09:44:07.673955,74,17443,1.0,1,10.9
2025-09-02T09:44:08.174146,55,17498,1.0,1,10.4
2025-09-02T09:44:08.674336,70,17568,1.0,1,9.4
2025-09-02T09:44:09.174597,61,17629,1.0,1,11.4
2025-09-02T09:44:09.674817,64,17693,1.0,1,9.1
2025-09-02T09:44:10.175096,59,17752,1.0,1,9.5
2025-09-02T09:44:10.676859,59,17811,1.0,1,9.1
2025-09-02T09:44:11.177141,55,17866,1.0,1,12.3
2025-09-02T09:44:11.677355,53,17919,1.0,1,12.0
2025-09-02T09:44:12.177618,57,17976,1.0,1,9.6
2025-09-02T09:44:12.677807,17,17993,1.0,1,11.8
2025-09-02T09:44:13.178012,48,18041,1.0,1,10.2
2025-09-02T09:44:13.678301,42,18083,1.0,1,9.5
2025-09-02T09:44:14.178727,66,18149,1.0,1,11.8
2025-09-02T09:44:14.679021,27,18176,1.0,1,11.9
2025-09-02T09:44:15.179304,51,18227,1.0,1,10.5
2025-09-02T09:44:15.679723,68,18295,1.0,1,10.7
2025-09-02T09:44:16.180030,43,18338,1.0,1,14.7
2025-09-02T09:44:16.680358,0,18338,1.0,1,10.7
2025-09-02T09:44:17.180676,0,18338,1.0,1,7.4
2025-09-02T09:44:17.681032,0,18338,1.0,1,7.1
2025-09-02T09:44:18.181361,1,18339,1.0,1,8.3
2025-09-02T09:44:18.681673,0,18339,1.0,1,7.3
2025-09-02T09:44:19.181997,0,18339,1.0,1,6.1
2025-09-02T09:44:19.682373,0,18339,1.0,1,4.8
2025-09-02T09:44:20.182690,0,18339,1.0,1,6.9
2025-09-02T09:44:20.683056,0,18339,1.0,1,4.4
2025-09-02T09:44:21.183364,0,18339,1.0,1,4.2
2025-09-02T09:44:21.683683,0,18339,1.0,1,5.8
2025-09-02T09:44:22.183995,1,18340,1.0,1,6.9
2025-09-02T09:44:22.684453,0,18340,1.0,1,4.0
2025-09-02T09:44:23.184736,0,18340,1.0,1,5.8
2025-09-02T09:44:23.684966,0,18340,1.0,1,4.8
2025-09-02T09:44:24.185191,0,18340,1.0,1,6.3
2025-09-02T09:44:24.685480,0,18340,1.0,1,4.1
2025-09-02T09:44:25.185700,0,18340,1.0,1,4.4
2025-09-02T09:44:25.686020,0,18340,1.0,1,3.9
2025-09-02T09:44:26.186328,0,18340,1.0,1,6.2
2025-09-02T09:44:26.686565,1,18341,1.0,1,4.0
2025-09-02T09:44:27.186787,0,18341,1.0,1,4.1
2025-09-02T09:44:27.687004,0,18341,1.0,1,4.2
2025-09-02T09:44:28.187226,0,18341,1.0,1,6.7
2025-09-02T09:44:28.687510,1,18342,1.0,1,4.1
2025-09-02T09:44:29.187751,0,18342,1.0,1,4.2
2025-09-02T09:44:29.687984,1,18343,1.0,1,4.1
2025-09-02T09:44:30.188301,1,18344,1.0,1,6.3
2025-09-02T09:44:30.688790,0,18344,1.0,1,4.2
2025-09-02T09:44:31.189059,1,18345,1.0,1,4.1
2025-09-02T09:44:31.689276,0,18345,1.0,1,4.4
2025-09-02T09:44:32.189526,1,18346,1.0,1,6.3
2025-09-02T09:44:32.689761,0,18346,1.0,1,4.9
2025-09-02T09:44:33.190004,1,18347,1.0,1,4.1
2025-09-02T09:44:33.690221,0,18347,1.0,1,4.0
2025-09-02T09:44:34.190444,0,18347,1.0,1,6.0
2025-09-02T09:44:34.690664,0,18347,1.0,1,4.2
2025-09-02T09:44:35.190910,1,18348,1.0,1,4.0
2025-09-02T09:44:35.691145,0,18348,1.0,1,4.2
2025-09-02T09:44:36.191375,0,18348,1.0,1,6.1
2025-09-02T09:44:36.691608,0,18348,1.0,1,4.1
2025-09-02T09:44:37.191882,2,18350,1.0,1,4.1
2025-09-02T09:44:37.692111,0,18350,1.0,1,4.1
2025-09-02T09:44:38.192338,0,18350,1.0,1,6.5
2025-09-02T09:44:38.692648,0,18350,1.0,1,4.3
2025-09-02T09:44:39.192875,1,18351,1.0,1,4.5
2025-09-02T09:44:39.693144,0,18351,1.0,1,4.2
2025-09-02T09:44:40.193456,0,18351,1.0,1,6.5
2025-09-02T09:44:40.693763,0,18351,1.0,1,4.3
2025-09-02T09:44:41.194003,0,18351,1.0,1,4.1
2025-09-02T09:44:41.694264,0,18351,1.0,1,4.1
2025-09-02T09:44:42.194467,0,18351,1.0,1,6.6
2025-09-02T09:44:42.694690,0,18351,1.0,1,4.0
2025-09-02T09:44:43.195023,0,18351,1.0,1,4.4
2025-09-02T09:44:43.695258,0,18351,1.0,1,4.0
2025-09-02T09:44:44.195461,0,18351,1.0,1,6.5
2025-09-02T09:44:44.695739,0,18351,1.0,1,4.5
2025-09-02T09:44:45.196006,0,18351,1.0,1,4.1
2025-09-02T09:44:45.696234,0,18351,1.0,1,4.1
2025-09-02T09:44:46.196502,0,18351,1.0,1,6.1
2025-09-02T09:44:46.696735,0,18351,1.0,1,4.1
2025-09-02T09:44:47.196965,0,18351,1.0,1,4.3
2025-09-02T09:44:47.697246,1,18352,1.0,1,4.1
2025-09-02T09:44:48.197461,0,18352,1.0,1,6.9
2025-09-02T09:44:48.697690,0,18352,1.0,1,4.0
2025-09-02T09:44:49.197924,0,18352,1.0,1,4.1
2025-09-02T09:44:49.698152,1,18353,1.0,1,4.2
2025-09-02T09:44:50.198367,0,18353,1.0,1,6.8
2025-09-02T09:44:50.698653,0,18353,1.0,1,4.1
2025-09-02T09:44:51.198867,0,18353,1.0,1,4.3
2025-09-02T09:44:51.699087,0,18353,1.0,1,4.0
2025-09-02T09:44:52.199399,0,18353,1.0,1,4.2
2025-09-02T09:44:52.699615,0,18353,1.0,1,4.1
2025-09-02T09:44:53.199888,0,18353,1.0,1,4.2
2025-09-02T09:44:53.700102,0,18353,1.0,1,4.5
2025-09-02T09:44:54.200320,0,18353,1.0,1,4.0
2025-09-02T09:44:54.700541,0,18353,1.0,1,4.2
2025-09-02T09:44:55.200836,0,18353,1.0,1,3.8
2025-09-02T09:44:55.701074,0,18353,1.0,1,4.0
2025-09-02T09:44:56.201289,0,18353,1.0,1,6.6
2025-09-02T09:44:56.701471,0,18353,1.0,1,4.1
2025-09-02T09:44:57.201688,0,18353,1.0,1,4.0
2025-09-02T09:44:57.701905,0,18353,1.0,1,4.4
2025-09-02T09:44:58.202123,1,18354,1.0,1,6.2
2025-09-02T09:44:58.702395,0,18354,1.0,1,4.2
2025-09-02T09:44:59.213668,1,18355,1.0,1,5.4
2025-09-02T09:44:59.714093,0,18355,1.0,1,9.6
2025-09-02T09:45:00.214393,1,18356,1.0,1,8.4
2025-09-02T09:45:00.714682,0,18356,1.0,1,8.4
2025-09-02T09:45:01.214986,0,18356,1.0,1,4.8
2025-09-02T09:45:01.715278,0,18356,1.0,1,6.7
2025-09-02T09:45:02.215565,0,18356,1.0,1,4.0
2025-09-02T09:45:02.715840,0,18356,1.0,1,4.3
2025-09-02T09:45:03.216138,1,18357,1.0,1,5.0
2025-09-02T09:45:03.716454,0,18357,1.0,1,7.0
2025-09-02T09:45:04.216759,0,18357,1.0,1,4.2
2025-09-02T09:45:04.717067,0,18357,1.0,1,4.3
2025-09-02T09:45:05.217377,0,18357,1.0,1,4.0
2025-09-02T09:45:05.717685,0,18357,1.0,1,6.5
2025-09-02T09:45:06.217995,0,18357,1.0,1,4.5
2025-09-02T09:45:06.718322,0,18357,1.0,1,4.3
2025-09-02T09:45:07.218719,0,18357,1.0,1,4.5
2025-09-02T09:45:07.719019,0,18357,1.0,1,6.6
2025-09-02T09:45:08.219318,0,18357,1.0,1,4.0
2025-09-02T09:45:08.719712,0,18357,1.0,1,4.2
2025-09-02T09:45:09.220028,0,18357,1.0,1,4.3
2025-09-02T09:45:09.720417,0,18357,1.0,1,6.2
2025-09-02T09:45:10.220722,0,18357,1.0,1,4.0
2025-09-02T09:45:10.721036,0,18357,1.0,1,4.3
2025-09-02T09:45:11.221393,0,18357,1.0,1,4.2
2025-09-02T09:45:11.721750,0,18357,1.0,1,4.5
2025-09-02T09:45:12.222053,0,18357,1.0,1,6.5
2025-09-02T09:45:12.722365,0,18357,1.0,1,4.3
2025-09-02T09:45:13.222664,0,18357,1.0,1,4.2
2025-09-02T09:45:13.722970,0,18357,1.0,1,4.0
2025-09-02T09:45:14.223315,0,18357,1.0,1,6.3
2025-09-02T09:45:14.723657,0,18357,1.0,1,4.2
2025-09-02T09:45:15.224004,0,18357,1.0,1,4.5
2025-09-02T09:45:15.724326,0,18357,1.0,1,4.1
2025-09-02T09:45:16.224655,0,18357,1.0,1,6.6
2025-09-02T09:45:16.724972,0,18357,1.0,1,4.6
2025-09-02T09:45:17.225377,0,18357,1.0,1,4.2
2025-09-02T09:45:17.725631,0,18357,1.0,1,6.5
2025-09-02T09:45:18.225875,0,18357,1.0,1,4.1
2025-09-02T09:45:18.726107,0,18357,1.0,1,4.5
2025-09-02T09:45:19.226347,0,18357,1.0,1,4.1
2025-09-02T09:45:19.726588,0,18357,1.0,1,6.5
2025-09-02T09:45:20.226879,0,18357,1.0,1,4.3
2025-09-02T09:45:20.727113,0,18357,1.0,1,4.6
2025-09-02T09:45:21.227342,0,18357,1.0,1,4.3
2025-09-02T09:45:21.727627,0,18357,1.0,1,7.5
2025-09-02T09:45:22.227923,0,18357,1.0,1,5.0
2025-09-02T09:45:22.728194,0,18357,1.0,1,5.0
2025-09-02T09:45:23.228483,0,18357,1.0,1,4.7
2025-09-02T09:45:23.728702,0,18357,1.0,1,7.3
2025-09-02T09:45:24.228931,0,18357,1.0,1,5.0
2025-09-02T09:45:24.729244,0,18357,1.0,1,5.3
2025-09-02T09:45:25.229483,0,18357,1.0,1,4.6
2025-09-02T09:45:25.729744,0,18357,1.0,1,5.0
2025-09-02T09:45:26.230002,0,18357,1.0,1,7.4
2025-09-02T09:45:26.730267,0,18357,1.0,1,4.8
2025-09-02T09:45:27.230485,0,18357,1.0,1,5.1
2025-09-02T09:45:27.730696,0,18357,1.0,1,5.3
2025-09-02T09:45:28.230926,0,18357,1.0,1,7.5
2025-09-02T09:45:28.731135,0,18357,1.0,1,4.8
2025-09-02T09:45:29.231371,0,18357,1.0,1,4.9
2025-09-02T09:45:29.731657,0,18357,1.0,1,5.2
2025-09-02T09:45:30.231887,0,18357,1.0,1,7.3
2025-09-02T09:45:30.732117,0,18357,1.0,1,5.5
2025-09-02T09:45:31.232360,0,18357,1.0,1,4.9
2025-09-02T09:45:31.732582,0,18357,1.0,1,5.1
2025-09-02T09:45:32.232852,0,18357,1.0,1,7.3
2025-09-02T09:45:32.733070,1,18358,1.0,1,4.3
2025-09-02T09:45:33.233300,1,18359,1.0,1,4.8
2025-09-02T09:45:33.733666,0,18359,1.0,1,7.9
2025-09-02T09:45:34.233882,1,18360,1.0,1,8.8
2025-09-02T09:45:34.734108,0,18360,1.0,1,4.4
2025-09-02T09:45:35.234329,0,18360,1.0,1,4.5
2025-09-02T09:45:35.734583,0,18360,1.0,1,5.2
2025-09-02T09:45:36.234874,0,18360,1.0,1,6.0
2025-09-02T09:45:36.735102,0,18360,1.0,1,4.4
2025-09-02T09:45:37.235325,0,18360,1.0,1,4.3
2025-09-02T09:45:37.735533,0,18360,1.0,1,4.3
2025-09-02T09:45:38.235812,0,18360,1.0,1,6.8
2025-09-02T09:45:38.736073,0,18360,1.0,1,5.3
2025-09-02T09:45:39.236302,0,18360,1.0,1,4.4
2025-09-02T09:45:39.736541,0,18360,1.0,1,7.5
2025-09-02T09:45:40.236775,0,18360,1.0,1,4.3
2025-09-02T09:45:40.737000,0,18360,1.0,1,5.0
2025-09-02T09:45:41.237225,0,18360,1.0,1,4.4
2025-09-02T09:45:41.737516,0,18360,1.0,1,6.8
2025-09-02T09:45:42.237802,0,18360,1.0,1,5.6
2025-09-02T09:45:42.738023,0,18360,1.0,1,4.6
2025-09-02T09:45:43.238256,0,18360,1.0,1,4.3
2025-09-02T09:45:43.738568,0,18360,1.0,1,6.8
2025-09-02T09:45:44.238853,0,18360,1.0,1,4.3
2025-09-02T09:45:44.739095,0,18360,1.0,1,4.5
2025-09-02T09:45:45.239382,0,18360,1.0,1,4.2
2025-09-02T09:45:45.739662,0,18360,1.0,1,6.8
2025-09-02T09:45:46.239884,0,18360,1.0,1,4.3
2025-09-02T09:45:46.740119,0,18360,1.0,1,4.4
2025-09-02T09:45:47.240344,0,18360,1.0,1,4.3
2025-09-02T09:45:47.740627,0,18360,1.0,1,6.7
2025-09-02T09:45:48.240855,0,18360,1.0,1,4.5
2025-09-02T09:45:48.741067,0,18360,1.0,1,4.1
2025-09-02T09:45:49.241294,0,18360,1.0,1,4.5
2025-09-02T09:45:49.741488,0,18360,1.0,1,6.6
2025-09-02T09:45:50.241795,0,18360,1.0,1,6.6
2025-09-02T09:45:50.742050,0,18360,1.0,1,4.3
2025-09-02T09:45:51.242279,0,18360,1.0,1,4.2
2025-09-02T09:45:51.742477,0,18360,1.0,1,7.0
2025-09-02T09:45:52.242746,0,18360,1.0,1,4.5
2025-09-02T09:45:52.742984,0,18360,1.0,1,4.9
2025-09-02T09:45:53.243284,0,18360,1.0,1,5.5
2025-09-02T09:45:53.743489,0,18360,1.0,1,5.7
2025-09-02T09:45:54.243722,0,18360,1.0,1,5.5
2025-09-02T09:45:54.743959,0,18360,1.0,1,5.0
2025-09-02T09:45:55.244204,0,18360,1.0,1,7.5
2025-09-02T09:45:55.744516,0,18360,1.0,1,5.0
2025-09-02T09:45:56.244750,0,18360,1.0,1,5.3
2025-09-02T09:45:56.744983,0,18360,1.0,1,4.9
2025-09-02T09:45:57.245210,0,18360,1.0,1,7.5
2025-09-02T09:45:57.745436,0,18360,1.0,1,5.6
2025-09-02T09:45:58.245661,0,18360,1.0,1,5.5
2025-09-02T09:45:58.745894,0,18360,1.0,1,4.9
2025-09-02T09:45:59.246134,0,18360,1.0,1,7.6
2025-09-02T09:45:59.746364,0,18360,1.0,1,5.1
2025-09-02T09:46:00.246691,0,18360,1.0,1,4.4
2025-09-02T09:46:00.746922,0,18360,1.0,1,4.9
2025-09-02T09:46:01.247223,0,18360,1.0,1,5.4
2025-09-02T09:46:01.747463,0,18360,1.0,1,7.1
2025-09-02T09:46:02.247687,0,18360,1.0,1,4.8
2025-09-02T09:46:02.747947,0,18360,1.0,1,5.4
2025-09-02T09:46:03.248181,0,18360,1.0,1,5.2
2025-09-02T09:46:03.748392,1,18361,1.0,1,13.1
2025-09-02T09:46:04.248905,0,18361,1.0,1,9.8
2025-09-02T09:46:04.749110,0,18361,1.0,1,7.9
2025-09-02T09:46:05.249339,0,18361,1.0,1,8.8
2025-09-02T09:46:05.749588,0,18361,1.0,1,10.1
2025-09-02T09:46:06.249844,0,18361,1.0,1,4.5
2025-09-02T09:46:06.750105,0,18361,1.0,1,4.7
2025-09-02T09:46:07.250436,0,18361,1.0,1,4.3
2025-09-02T09:46:07.750753,0,18361,1.0,1,6.8
2025-09-02T09:46:08.251125,0,18361,1.0,1,4.3
2025-09-02T09:46:08.751436,0,18361,1.0,1,4.4
2025-09-02T09:46:09.251751,1,18362,1.0,1,5.2
2025-09-02T09:46:09.752057,0,18362,1.0,1,6.6
2025-09-02T09:46:10.252397,0,18362,1.0,1,4.4
2025-09-02T09:46:10.752719,0,18362,1.0,1,4.5
2025-09-02T09:46:11.253000,0,18362,1.0,1,5.5
2025-09-02T09:46:11.753311,0,18362,1.0,1,5.1
2025-09-02T09:46:12.253594,0,18362,1.0,1,4.6
2025-09-02T09:46:12.753871,0,18362,1.0,1,4.8
2025-09-02T09:46:13.254211,0,18362,1.0,1,4.3
2025-09-02T09:46:13.754522,0,18362,1.0,1,6.8
2025-09-02T09:46:14.254822,0,18362,1.0,1,4.3
2025-09-02T09:46:14.755138,0,18362,1.0,1,4.5
2025-09-02T09:46:15.255472,0,18362,1.0,1,4.4
2025-09-02T09:46:15.755847,0,18362,1.0,1,7.0
2025-09-02T09:46:16.256150,0,18362,1.0,1,4.4
2025-09-02T09:46:16.756499,0,18362,1.0,1,4.6
2025-09-02T09:46:17.256806,0,18362,1.0,1,4.6
2025-09-02T09:46:17.757124,0,18362,1.0,1,7.1
2025-09-02T09:46:18.257475,0,18362,1.0,1,6.1
2025-09-02T09:46:18.757789,0,18362,1.0,1,4.8
2025-09-02T09:46:19.258106,0,18362,1.0,1,4.4
2025-09-02T09:46:19.758559,0,18362,1.0,1,6.7
2025-09-02T09:46:20.258797,0,18362,1.0,1,4.5
2025-09-02T09:46:20.759031,0,18362,1.0,1,4.4
2025-09-02T09:46:21.259255,0,18362,1.0,1,4.5
2025-09-02T09:46:21.759479,0,18362,1.0,1,7.4
2025-09-02T09:46:22.259709,0,18362,1.0,1,4.5
2025-09-02T09:46:22.760036,0,18362,1.0,1,4.5
2025-09-02T09:46:23.260322,0,18362,1.0,1,4.7
2025-09-02T09:46:23.760566,0,18362,1.0,1,6.8
2025-09-02T09:46:24.260805,0,18362,1.0,1,4.7
2025-09-02T09:46:24.761144,0,18362,1.0,1,3.5
2025-09-02T09:46:25.261390,0,18362,1.0,1,4.6
2025-09-02T09:46:25.761621,0,18362,1.0,1,4.2
2025-09-02T09:46:26.261840,0,18362,1.0,1,6.9
2025-09-02T09:46:26.762113,0,18362,1.0,1,4.6
2025-09-02T09:46:27.262431,0,18362,1.0,1,4.9
2025-09-02T09:46:27.762734,0,18362,1.0,1,6.0
2025-09-02T09:46:28.262984,0,18362,1.0,1,5.8
2025-09-02T09:46:28.763218,0,18362,1.0,1,4.9
2025-09-02T09:46:29.263452,0,18362,1.0,1,4.6
2025-09-02T09:46:29.763693,0,18362,1.0,1,7.6
2025-09-02T09:46:30.263924,0,18362,1.0,1,5.1
2025-09-02T09:46:30.764153,0,18362,1.0,1,5.6
2025-09-02T09:46:31.264509,0,18362,1.0,1,5.2
2025-09-02T09:46:31.764804,0,18362,1.0,1,7.9
2025-09-02T09:46:32.265110,0,18362,1.0,1,5.1
2025-09-02T09:46:32.765484,0,18362,1.0,1,5.4
2025-09-02T09:46:33.265867,0,18362,1.0,1,5.4
2025-09-02T09:46:33.766240,0,18362,1.0,1,7.7
2025-09-02T09:46:34.266613,0,18362,1.0,1,6.0
2025-09-02T09:46:34.767007,0,18362,1.0,1,5.4
2025-09-02T09:46:35.267359,0,18362,1.0,1,5.7
2025-09-02T09:46:35.767740,0,18362,1.0,1,7.5
2025-09-02T09:46:36.268050,0,18362,1.0,1,5.5
2025-09-02T09:46:36.768369,0,18362,1.0,1,5.1
2025-09-02T09:46:37.268712,0,18362,1.0,1,5.6
2025-09-02T09:46:37.769053,0,18362,1.0,1,6.9
2025-09-02T09:46:38.269441,0,18362,1.0,1,6.3
2025-09-02T09:46:38.769779,0,18362,1.0,1,4.2
2025-09-02T09:46:39.270151,0,18362,1.0,1,5.4
2025-09-02T09:46:39.770516,0,18362,1.0,1,5.6
2025-09-02T09:46:40.270886,0,18362,1.0,1,7.5
2025-09-02T09:46:40.771268,0,18362,1.0,1,5.8
2025-09-02T09:46:41.271539,0,18362,1.0,1,5.3
2025-09-02T09:46:41.771849,0,18362,1.0,1,5.3
2025-09-02T09:46:42.272159,0,18362,1.0,1,7.9
2025-09-02T09:46:42.772556,0,18362,1.0,1,5.5
2025-09-02T09:46:43.272897,0,18362,1.0,1,6.0
2025-09-02T09:46:43.773276,0,18362,1.0,1,5.1
2025-09-02T09:46:44.273618,0,18362,1.0,1,7.7
2025-09-02T09:46:44.773926,0,18362,1.0,1,5.3
2025-09-02T09:46:45.274304,0,18362,1.0,1,5.7
2025-09-02T09:46:45.774675,1,18363,1.0,1,6.0
2025-09-02T09:46:46.275186,0,18363,1.0,1,13.0
2025-09-02T09:46:46.775496,0,18363,1.0,1,7.8
2025-09-02T09:46:47.275813,0,18363,1.0,1,4.2
2025-09-02T09:46:47.776119,1,18364,1.0,1,4.6
2025-09-02T09:46:48.276427,0,18364,1.0,1,6.8
2025-09-02T09:46:48.776652,0,18364,1.0,1,4.7
2025-09-02T09:46:49.276880,0,18364,1.0,1,4.3
2025-09-02T09:46:49.777108,0,18364,1.0,1,4.1
2025-09-02T09:46:50.277345,0,18364,1.0,1,7.3
2025-09-02T09:46:50.777577,0,18364,1.0,1,4.5
2025-09-02T09:46:51.277809,0,18364,1.0,1,4.3
2025-09-02T09:46:51.778038,0,18364,1.0,1,3.9
2025-09-02T09:46:52.278280,0,18364,1.0,1,4.3
2025-09-02T09:46:52.778470,0,18364,1.0,1,3.9
2025-09-02T09:46:53.278701,0,18364,1.0,1,5.0
2025-09-02T09:46:53.778914,0,18364,1.0,1,5.0
2025-09-02T09:46:54.279232,0,18364,1.0,1,7.4
2025-09-02T09:46:54.779491,0,18364,1.0,1,4.6
2025-09-02T09:46:55.279707,0,18364,1.0,1,4.9
2025-09-02T09:46:55.779997,0,18364,1.0,1,4.3
2025-09-02T09:46:56.280287,0,18364,1.0,1,6.8
2025-09-02T09:46:56.780472,0,18364,1.0,1,4.4
2025-09-02T09:46:57.280697,0,18364,1.0,1,4.2
2025-09-02T09:46:57.780922,0,18364,1.0,1,4.8
2025-09-02T09:46:58.281152,0,18364,1.0,1,7.3
2025-09-02T09:46:58.781384,0,18364,1.0,1,4.6
2025-09-02T09:46:59.281616,0,18364,1.0,1,5.0
2025-09-02T09:46:59.781835,0,18364,1.0,1,4.0
2025-09-02T09:47:00.282149,0,18364,1.0,1,6.5
2025-09-02T09:47:00.782441,0,18364,1.0,1,4.3
2025-09-02T09:47:01.284947,0,18364,1.0,1,4.0
2025-09-02T09:47:01.785184,0,18364,1.0,1,4.5
2025-09-02T09:47:02.285523,0,18364,1.0,1,6.8
2025-09-02T09:47:02.785759,0,18364,1.0,1,4.5
2025-09-02T09:47:03.286104,0,18364,1.0,1,4.6
2025-09-02T09:47:03.786324,0,18364,1.0,1,5.1
2025-09-02T09:47:04.286554,0,18364,1.0,1,7.0
2025-09-02T09:47:04.786776,0,18364,1.0,1,4.2
2025-09-02T09:47:05.287007,0,18364,1.0,1,4.1
2025-09-02T09:47:05.787232,0,18364,1.0,1,4.4
2025-09-02T09:47:06.287526,0,18364,1.0,1,6.6
2025-09-02T09:47:06.787764,0,18364,1.0,1,3.8
2025-09-02T09:47:07.288009,0,18364,1.0,1,4.3
2025-09-02T09:47:07.788222,0,18364,1.0,1,4.5
2025-09-02T09:47:08.288531,0,18364,1.0,1,8.0
2025-09-02T09:47:08.788768,0,18364,1.0,1,5.9
2025-09-02T09:47:09.289002,0,18364,1.0,1,5.7
2025-09-02T09:47:09.789287,0,18364,1.0,1,5.3
2025-09-02T09:47:10.289529,0,18364,1.0,1,8.0
2025-09-02T09:47:10.789754,1,18365,1.0,1,8.2
2025-09-02T09:47:11.289972,0,18365,1.0,1,10.4
2025-09-02T09:47:11.790222,1,18366,1.0,1,5.8
2025-09-02T09:47:12.290453,0,18366,1.0,1,6.8
2025-09-02T09:47:12.790657,0,18366,1.0,1,4.6
2025-09-02T09:47:13.290933,0,18366,1.0,1,4.2
2025-09-02T09:47:13.791166,0,18366,1.0,1,4.3
2025-09-02T09:47:14.291389,0,18366,1.0,1,6.5
2025-09-02T09:47:14.791630,0,18366,1.0,1,4.7
2025-09-02T09:47:15.291851,0,18366,1.0,1,4.1
2025-09-02T09:47:15.792087,0,18366,1.0,1,4.5
2025-09-02T09:47:16.292371,0,18366,1.0,1,6.7
2025-09-02T09:47:16.792645,0,18366,1.0,1,4.5
2025-09-02T09:47:17.292885,0,18366,1.0,1,4.1
2025-09-02T09:47:17.793210,0,18366,1.0,1,3.8
2025-09-02T09:47:18.293505,0,18366,1.0,1,6.5
2025-09-02T09:47:18.793803,0,18366,1.0,1,4.7
2025-09-02T09:47:19.294102,0,18366,1.0,1,4.5
2025-09-02T09:47:19.794410,0,18366,1.0,1,4.1
2025-09-02T09:47:20.294698,0,18366,1.0,1,6.5
2025-09-02T09:47:20.794940,0,18366,1.0,1,4.6
2025-09-02T09:47:21.295165,0,18366,1.0,1,4.2
2025-09-02T09:47:21.795396,0,18366,1.0,1,4.6
2025-09-02T09:47:22.295633,0,18366,1.0,1,6.5
2025-09-02T09:47:22.795864,0,18366,1.0,1,4.6
2025-09-02T09:47:23.296085,0,18366,1.0,1,4.3
2025-09-02T09:47:23.796318,0,18366,1.0,1,4.1
2025-09-02T09:47:24.296556,0,18366,1.0,1,6.5
2025-09-02T09:47:24.796775,0,18366,1.0,1,4.3
2025-09-02T09:47:25.296997,0,18366,1.0,1,4.3
2025-09-02T09:47:25.797225,0,18366,1.0,1,4.0
2025-09-02T09:47:26.297512,0,18366,1.0,1,6.2
2025-09-02T09:47:26.797745,0,18366,1.0,1,4.3
2025-09-02T09:47:27.298059,0,18366,1.0,1,3.8
2025-09-02T09:47:27.798351,0,18366,1.0,1,4.6
2025-09-02T09:47:28.298594,1,18367,1.0,1,7.6
2025-09-02T09:47:28.798785,0,18367,1.0,1,10.0
2025-09-02T09:47:29.298994,1,18368,1.0,1,5.3
2025-09-02T09:47:29.799230,0,18368,1.0,1,4.9
2025-09-02T09:47:30.299461,0,18368,1.0,1,4.2
2025-09-02T09:47:30.799691,0,18368,1.0,1,6.3
2025-09-02T09:47:31.299919,0,18368,1.0,1,4.2
2025-09-02T09:47:31.800150,0,18368,1.0,1,4.0
2025-09-02T09:47:32.300389,0,18368,1.0,1,4.8
2025-09-02T09:47:32.800644,0,18368,1.0,1,5.8
2025-09-02T09:47:33.300902,0,18368,1.0,1,4.0
2025-09-02T09:47:33.801145,0,18368,1.0,1,7.1
2025-09-02T09:47:34.301379,0,18368,1.0,1,5.6
2025-09-02T09:47:34.801659,0,18368,1.0,1,9.5
2025-09-02T09:47:35.301896,0,18368,1.0,1,13.1
2025-09-02T09:47:35.802134,0,18368,1.0,1,6.9
2025-09-02T09:47:36.302410,0,18368,1.0,1,6.1
2025-09-02T09:47:36.802648,0,18368,1.0,1,11.5
2025-09-02T09:47:37.302883,0,18368,1.0,1,9.9
2025-09-02T09:47:37.803118,0,18368,1.0,1,5.8
2025-09-02T09:47:38.303342,0,18368,1.0,1,6.0
2025-09-02T09:47:38.803532,0,18368,1.0,1,7.2
2025-09-02T09:47:39.303746,0,18368,1.0,1,4.2
2025-09-02T09:47:39.804014,0,18368,1.0,1,5.6
2025-09-02T09:47:40.304225,0,18368,1.0,1,4.1
2025-09-02T09:47:40.804468,0,18368,1.0,1,7.2
2025-09-02T09:47:41.304690,0,18368,1.0,1,4.3
2025-09-02T09:47:41.804924,0,18368,1.0,1,4.3
2025-09-02T09:47:42.305156,0,18368,1.0,1,4.3
2025-09-02T09:47:42.805460,0,18368,1.0,1,6.8
2025-09-02T09:47:43.305739,0,18368,1.0,1,5.3
2025-09-02T09:47:43.806015,0,18368,1.0,1,6.0
2025-09-02T09:47:44.306261,0,18368,1.0,1,7.0
2025-09-02T09:47:44.806482,0,18368,1.0,1,13.8
2025-09-02T09:47:45.306694,0,18368,1.0,1,7.0
2025-09-02T09:47:45.806924,0,18368,1.0,1,10.8
2025-09-02T09:47:46.307150,0,18368,1.0,1,9.6
2025-09-02T09:47:46.807432,0,18368,1.0,1,7.8
2025-09-02T09:47:47.307656,0,18368,1.0,1,5.1
2025-09-02T09:47:47.807895,0,18368,1.0,1,4.2
2025-09-02T09:47:48.308129,0,18368,1.0,1,4.3
2025-09-02T09:47:48.808415,0,18368,1.0,1,6.4
2025-09-02T09:47:49.308638,0,18368,1.0,1,5.8
2025-09-02T09:47:49.808869,0,18368,1.0,1,4.2
2025-09-02T09:47:50.309083,0,18368,1.0,1,8.3
2025-09-02T09:47:50.809307,0,18368,1.0,1,4.7
2025-09-02T09:47:51.309544,0,18368,1.0,1,4.5
2025-09-02T09:47:51.809774,0,18368,1.0,1,13.8
2025-09-02T09:47:52.309985,0,18368,1.0,1,11.2
2025-09-02T09:47:52.810223,0,18368,1.0,1,7.3
2025-09-02T09:47:53.310517,0,18368,1.0,1,6.2
2025-09-02T09:47:53.810809,0,18368,1.0,1,4.1
2025-09-02T09:47:54.311029,0,18368,1.0,1,4.1
2025-09-02T09:47:54.811286,1,18369,1.0,1,5.9
2025-09-02T09:47:55.311488,0,18369,1.0,1,8.8
2025-09-02T09:47:55.811778,0,18369,1.0,1,7.9
2025-09-02T09:47:56.311976,0,18369,1.0,1,11.5
2025-09-02T09:47:56.812202,0,18369,1.0,1,4.4
2025-09-02T09:47:57.312417,0,18369,1.0,1,4.3
2025-09-02T09:47:57.812636,1,18370,1.0,1,5.7
2025-09-02T09:47:58.312867,0,18370,1.0,1,6.1
2025-09-02T09:47:58.813179,0,18370,1.0,1,4.7
2025-09-02T09:47:59.313489,0,18370,1.0,1,4.1
2025-09-02T09:47:59.813721,0,18370,1.0,1,4.4
2025-09-02T09:48:00.313944,0,18370,1.0,1,7.0
2025-09-02T09:48:00.814182,0,18370,1.0,1,13.7
2025-09-02T09:48:01.314422,0,18370,1.0,1,9.2
2025-09-02T09:48:01.814656,0,18370,1.0,1,6.3
2025-09-02T09:48:02.314895,0,18370,1.0,1,9.5
2025-09-02T09:48:02.815149,0,18370,1.0,1,4.7
2025-09-02T09:48:03.315391,0,18370,1.0,1,3.9
2025-09-02T09:48:03.815631,0,18370,1.0,1,4.7
2025-09-02T09:48:04.315876,0,18370,1.0,1,7.6
2025-09-02T09:48:04.816113,0,18370,1.0,1,4.2
2025-09-02T09:48:05.316369,0,18370,1.0,1,5.0
2025-09-02T09:48:05.816615,0,18370,1.0,1,12.0
2025-09-02T09:48:06.316927,0,18370,1.0,1,7.9
2025-09-02T09:48:06.817167,0,18370,1.0,1,10.0
2025-09-02T09:48:07.317402,0,18370,1.0,1,13.6
2025-09-02T09:48:07.817618,0,18370,1.0,1,7.5
2025-09-02T09:48:08.317926,0,18370,1.0,1,5.9
2025-09-02T09:48:08.818156,0,18370,1.0,1,6.4
2025-09-02T09:48:09.318389,0,18370,1.0,1,4.4
2025-09-02T09:48:09.818626,0,18370,1.0,1,11.1
2025-09-02T09:48:10.318857,0,18370,1.0,1,7.8
2025-09-02T09:48:10.819062,0,18370,1.0,1,14.1
2025-09-02T09:48:11.319301,0,18370,1.0,1,9.7
2025-09-02T09:48:11.819616,0,18370,1.0,1,6.6
2025-09-02T09:48:12.319853,0,18370,1.0,1,4.9
2025-09-02T09:48:12.820067,0,18370,1.0,1,7.2
2025-09-02T09:48:13.320296,0,18370,1.0,1,11.3
2025-09-02T09:48:13.820535,0,18370,1.0,1,8.6
2025-09-02T09:48:14.320836,0,18370,1.0,1,9.2
2025-09-02T09:48:14.821097,0,18370,1.0,1,13.8
2025-09-02T09:48:15.321343,0,18370,1.0,1,6.6
2025-09-02T09:48:15.821562,0,18370,1.0,1,6.1
2025-09-02T09:48:16.321796,0,18370,1.0,1,10.9
2025-09-02T09:48:16.822090,0,18370,1.0,1,13.0
2025-09-02T09:48:17.322386,0,18370,1.0,1,5.0
2025-09-02T09:48:17.822611,0,18370,1.0,1,7.4
2025-09-02T09:48:18.322920,0,18370,1.0,1,5.1
2025-09-02T09:48:18.823214,0,18370,1.0,1,8.4
2025-09-02T09:48:19.323468,1,18371,1.0,1,6.3
2025-09-02T09:48:19.823681,0,18371,1.0,1,9.9
2025-09-02T09:48:20.323947,1,18372,1.0,1,6.5
2025-09-02T09:48:20.824170,0,18372,1.0,1,7.2
2025-09-02T09:48:21.324403,0,18372,1.0,1,4.4
2025-09-02T09:48:21.824631,0,18372,1.0,1,4.7
2025-09-02T09:48:22.324859,0,18372,1.0,1,4.2
2025-09-02T09:48:22.825091,0,18372,1.0,1,6.8
2025-09-02T09:48:23.325322,0,18372,1.0,1,4.2
2025-09-02T09:48:23.825560,0,18372,1.0,1,4.6
2025-09-02T09:48:24.325840,0,18372,1.0,1,4.8
2025-09-02T09:48:24.826086,0,18372,1.0,1,9.5
2025-09-02T09:48:25.326326,0,18372,1.0,1,5.2
2025-09-02T09:48:25.826551,0,18372,1.0,1,4.8
2025-09-02T09:48:26.326787,0,18372,1.0,1,13.0
2025-09-02T09:48:26.827056,0,18372,1.0,1,11.6
2025-09-02T09:48:27.327291,0,18372,1.0,1,6.4
2025-09-02T09:48:27.827515,0,18372,1.0,1,7.3
2025-09-02T09:48:28.327761,0,18372,1.0,1,11.9
2025-09-02T09:48:28.827976,0,18372,1.0,1,5.8
2025-09-02T09:48:29.328206,0,18372,1.0,1,7.9
2025-09-02T09:48:29.828457,0,18372,1.0,1,4.7
2025-09-02T09:48:30.328678,0,18372,1.0,1,4.1
2025-09-02T09:48:30.828914,0,18372,1.0,1,4.5
2025-09-02T09:48:31.329182,0,18372,1.0,1,7.0
2025-09-02T09:48:31.829440,0,18372,1.0,1,4.3
2025-09-02T09:48:32.329666,0,18372,1.0,1,4.3
2025-09-02T09:48:32.829896,0,18372,1.0,1,4.5
2025-09-02T09:48:33.330150,0,18372,1.0,1,6.1
2025-09-02T09:48:33.830385,0,18372,1.0,1,7.8
2025-09-02T09:48:34.330626,0,18372,1.0,1,10.8
2025-09-02T09:48:34.830869,0,18372,1.0,1,5.3
2025-09-02T09:48:35.331098,0,18372,1.0,1,13.2
2025-09-02T09:48:35.831331,0,18372,1.0,1,10.6
2025-09-02T09:48:36.331572,0,18372,1.0,1,6.6
2025-09-02T09:48:36.831797,0,18372,1.0,1,5.8
2025-09-02T09:48:37.332027,0,18372,1.0,1,14.3
2025-09-02T09:48:37.832303,0,18372,1.0,1,7.4
2025-09-02T09:48:38.332549,0,18372,1.0,1,6.2
2025-09-02T09:48:38.832873,0,18372,1.0,1,5.6
2025-09-02T09:48:39.333107,0,18372,1.0,1,6.7
2025-09-02T09:48:39.833387,0,18372,1.0,1,4.2
2025-09-02T09:48:40.333614,0,18372,1.0,1,5.3
2025-09-02T09:48:40.833830,0,18372,1.0,1,4.6
2025-09-02T09:48:41.334055,0,18372,1.0,1,7.1
2025-09-02T09:48:41.834279,0,18372,1.0,1,6.5
2025-09-02T09:48:42.334559,0,18372,1.0,1,4.3
2025-09-02T09:48:42.834831,0,18372,1.0,1,4.3
2025-09-02T09:48:43.335064,0,18372,1.0,1,7.2
2025-09-02T09:48:43.835289,0,18372,1.0,1,5.6
2025-09-02T09:48:44.335484,0,18372,1.0,1,5.0
2025-09-02T09:48:44.835705,0,18372,1.0,1,4.1
2025-09-02T09:48:45.335939,0,18372,1.0,1,6.8
2025-09-02T09:48:45.836169,0,18372,1.0,1,4.4
2025-09-02T09:48:46.336416,0,18372,1.0,1,5.0
2025-09-02T09:48:46.836675,1,18373,1.0,1,4.8
2025-09-02T09:48:47.337042,2,18375,1.0,1,12.1
2025-09-02T09:48:47.837639,0,18375,1.0,1,8.6
2025-09-02T09:48:48.337860,0,18375,1.0,1,4.4
2025-09-02T09:48:48.838092,0,18375,1.0,1,4.2
2025-09-02T09:48:49.338316,1,18376,1.0,1,6.5
2025-09-02T09:48:49.838542,0,18376,1.0,1,5.7
2025-09-02T09:48:50.338775,0,18376,1.0,1,7.4
2025-09-02T09:48:50.838988,0,18376,1.0,1,7.5
2025-09-02T09:48:51.339219,0,18376,1.0,1,5.0
2025-09-02T09:48:51.839459,0,18376,1.0,1,7.2
2025-09-02T09:48:52.339746,0,18376,1.0,1,5.1
2025-09-02T09:48:52.839967,0,18376,1.0,1,4.5
2025-09-02T09:48:53.340239,0,18376,1.0,1,4.2
2025-09-02T09:48:53.840463,0,18376,1.0,1,4.4
2025-09-02T09:48:54.340686,0,18376,1.0,1,4.1
2025-09-02T09:48:54.840904,0,18376,1.0,1,5.9
2025-09-02T09:48:55.341131,0,18376,1.0,1,4.6
2025-09-02T09:48:55.841368,0,18376,1.0,1,4.1
2025-09-02T09:48:56.341587,0,18376,1.0,1,5.4
2025-09-02T09:48:56.841823,0,18376,1.0,1,7.7
2025-09-02T09:48:57.342060,0,18376,1.0,1,4.7
2025-09-02T09:48:57.842273,0,18376,1.0,1,4.2
2025-09-02T09:48:58.342502,0,18376,1.0,1,3.9
2025-09-02T09:48:58.842719,0,18376,1.0,1,7.1
2025-09-02T09:48:59.342945,0,18376,1.0,1,4.4
2025-09-02T09:48:59.843163,0,18376,1.0,1,4.1
2025-09-02T09:49:00.343449,0,18376,1.0,1,4.1
2025-09-02T09:49:00.843673,0,18376,1.0,1,7.1
2025-09-02T09:49:01.343898,0,18376,1.0,1,4.8
2025-09-02T09:49:01.844115,0,18376,1.0,1,4.2
2025-09-02T09:49:02.344354,0,18376,1.0,1,4.1
2025-09-02T09:49:02.844575,0,18376,1.0,1,7.5
2025-09-02T09:49:03.344796,0,18376,1.0,1,3.8
2025-09-02T09:49:03.845027,0,18376,1.0,1,4.1
2025-09-02T09:49:04.345254,0,18376,1.0,1,4.0
2025-09-02T09:49:04.845472,0,18376,1.0,1,6.6
2025-09-02T09:49:05.345687,0,18376,1.0,1,4.1
2025-09-02T09:49:05.845905,0,18376,1.0,1,4.3
2025-09-02T09:49:06.346128,0,18376,1.0,1,4.0
2025-09-02T09:49:06.846428,0,18376,1.0,1,6.8
2025-09-02T09:49:07.346666,0,18376,1.0,1,4.3
2025-09-02T09:49:07.846888,0,18376,1.0,1,5.1
2025-09-02T09:49:08.347113,0,18376,1.0,1,4.1
2025-09-02T09:49:08.847338,0,18376,1.0,1,6.5
2025-09-02T09:49:09.347588,0,18376,1.0,1,4.4
2025-09-02T09:49:09.847808,0,18376,1.0,1,4.2
2025-09-02T09:49:10.348055,0,18376,1.0,1,4.3
2025-09-02T09:49:10.848277,0,18376,1.0,1,7.1
2025-09-02T09:49:11.348504,0,18376,1.0,1,6.0
2025-09-02T09:49:11.848725,0,18376,1.0,1,4.5
2025-09-02T09:49:12.348952,0,18376,1.0,1,4.6
2025-09-02T09:49:12.849178,0,18376,1.0,1,5.3
2025-09-02T09:49:13.349408,0,18376,1.0,1,9.0
2025-09-02T09:49:13.849625,0,18376,1.0,1,4.8
2025-09-02T09:49:14.349866,0,18376,1.0,1,4.3
2025-09-02T09:49:14.850148,0,18376,1.0,1,5.2
2025-09-02T09:49:15.350405,0,18376,1.0,1,7.5
2025-09-02T09:49:15.850633,0,18376,1.0,1,4.3
2025-09-02T09:49:16.350831,1,18377,1.0,1,4.3
2025-09-02T09:49:16.851073,0,18377,1.0,1,6.3
2025-09-02T09:49:17.351301,1,18378,1.0,1,5.1
2025-09-02T09:49:17.851593,0,18378,1.0,1,8.0
2025-09-02T09:49:18.351823,0,18378,1.0,1,6.2
2025-09-02T09:49:18.852051,1,18379,1.0,1,7.5
2025-09-02T09:49:19.352286,0,18379,1.0,1,6.0
2025-09-02T09:49:19.852471,0,18379,1.0,1,4.1
2025-09-02T09:49:20.352787,0,18379,1.0,1,4.1
2025-09-02T09:49:20.853020,0,18379,1.0,1,6.3
2025-09-02T09:49:21.353240,0,18379,1.0,1,5.0
2025-09-02T09:49:21.853479,0,18379,1.0,1,4.8
2025-09-02T09:49:22.353700,0,18379,1.0,1,4.0
2025-09-02T09:49:22.853911,0,18379,1.0,1,6.5
2025-09-02T09:49:23.354141,0,18379,1.0,1,4.4
2025-09-02T09:49:23.854385,0,18379,1.0,1,5.4
2025-09-02T09:49:24.354804,0,18379,1.0,1,4.7
2025-09-02T09:49:24.855119,0,18379,1.0,1,4.0
2025-09-02T09:49:25.355356,0,18379,1.0,1,6.5
2025-09-02T09:49:25.855578,0,18379,1.0,1,4.0
2025-09-02T09:49:26.355798,0,18379,1.0,1,4.2
2025-09-02T09:49:26.856086,0,18379,1.0,1,5.6
2025-09-02T09:49:27.356340,0,18379,1.0,1,7.2
2025-09-02T09:49:27.856571,0,18379,1.0,1,6.7
2025-09-02T09:49:28.356795,0,18379,1.0,1,5.2
2025-09-02T09:49:28.857031,0,18379,1.0,1,12.0
2025-09-02T09:49:29.357282,0,18379,1.0,1,12.5
2025-09-02T09:49:29.857630,1,18380,1.0,1,8.5
2025-09-02T09:49:30.357891,0,18380,1.0,1,15.5
2025-09-02T09:49:30.858183,1,18381,1.0,1,12.6
2025-09-02T09:49:31.358470,0,18381,1.0,1,12.0
2025-09-02T09:49:31.858726,0,18381,1.0,1,8.7
2025-09-02T09:49:32.358977,0,18381,1.0,1,7.2
2025-09-02T09:49:32.859220,0,18381,1.0,1,6.9
2025-09-02T09:49:33.359462,0,18381,1.0,1,7.4
2025-09-02T09:49:33.859683,0,18381,1.0,1,5.6
2025-09-02T09:49:34.359918,0,18381,1.0,1,6.8
2025-09-02T09:49:34.860148,0,18381,1.0,1,7.1
2025-09-02T09:49:35.360396,0,18381,1.0,1,11.3
2025-09-02T09:49:35.860649,0,18381,1.0,1,7.6
2025-09-02T09:49:36.360895,0,18381,1.0,1,8.5
2025-09-02T09:49:36.861149,0,18381,1.0,1,6.7
2025-09-02T09:49:37.361397,0,18381,1.0,1,7.3
2025-09-02T09:49:37.861639,0,18381,1.0,1,11.6
2025-09-02T09:49:38.361888,0,18381,1.0,1,9.7
2025-09-02T09:49:38.862127,0,18381,1.0,1,7.3
2025-09-02T09:49:39.362338,0,18381,1.0,1,9.3
2025-09-02T09:49:39.862607,0,18381,1.0,1,7.0
2025-09-02T09:49:40.362843,0,18381,1.0,1,5.7
2025-09-02T09:49:40.863079,0,18381,1.0,1,12.3
2025-09-02T09:49:41.363350,0,18381,1.0,1,5.8
